duf_pfam_id	duf_pfam_name	partner_architecture	n_edges	n_taxa	n_duf_proteins	n_partner_proteins	max_combined	mean_combined	max_direct_evidence	max_context_evidence	n_experiment_edges	max_neighborhood	n_neighborhood_edges	max_neighborhood_transferred	n_neighborhood_transferred_edges	max_fusion	n_fusion_edges	max_cooccurence	n_cooccurence_edges	max_homology	n_homology_edges	max_coexpression	n_coexpression_edges	max_coexpression_transferred	n_coexpression_transferred_edges	max_experiments	n_experiments_edges	max_experiments_transferred	n_experiments_transferred_edges	max_database	n_database_edges	max_database_transferred	n_database_transferred_edges	max_textmining	n_textmining_edges	max_textmining_transferred	n_textmining_transferred_edges	module_score	module_key	separate_channel_l2_score	taxid	duf_protein	partner_protein	duf_architecture	combined_score	direct_evidence	context_evidence	neighborhood	neighborhood_transferred	fusion	cooccurence	homology	coexpression	coexpression_transferred	experiments	experiments_transferred	database	database_transferred	textmining	textmining_transferred	evidence_flags	_pair_key	has_representative	has_sequence
PF11882	DUF3402 - Domain of unknown function (DUF3402)	NO_PFAM	2570	346	444	942	998	830.7182879377432	994	816	10	0	0	45	4	816	6	431	24	973	18	79	24	853	24	994	10	996	2536	900	2	780	4	974	66	905	2518	22.55964740355879	PF11882 || NO_PFAM	0.9935456869404452	9601	9601.ENSPPYP00000001226	9601.ENSPPYP00000011577	PF07923;PF11882	998	0	0	0	0	0	0	0	0	0	0	995	0	0	0	696	experiments_transferred;textmining_transferred	9601.ENSPPYP00000001226 || 9601.ENSPPYP00000011577	True	False
PF07469	DUF1518 - Nuclear receptor coactivator, DUF1518	NO_PFAM	2120	71	135	647	999	840.5547169811321	900	726	8	0	0	0	0	726	2	386	46	885	130	310	120	162	724	900	8	999	2022	900	400	957	1920	814	272	833	2086	18.937587481264902	PF07469 || NO_PFAM	0.9905387000686392	9986	9986.ENSOCUP00000037443	9986.ENSOCUP00000004174	PF00989;PF07469;PF08815;PF08832;PF14598;PF16279;PF16665;PF23172	999	900	0	0	0	0	0	0	0	0	0	841	900	628	714	633	experiments_transferred;database;database_transferred;textmining;textmining_transferred	9986.ENSOCUP00000004174 || 9986.ENSOCUP00000037443	True	False
PF11934	DUF3452 - Domain of unknown function (DUF3452)	NO_PFAM	10012	279	483	3182	999	817.656811825809	900	900	8	0	0	127	12	900	6	276	56	985	88	208	94	779	6600	820	8	998	9420	900	754	992	8970	925	308	885	9194	23.37983102271441	PF11934 || NO_PFAM	0.9859961829556526	9986	9986.ENSOCUP00000041017	9986.ENSOCUP00000010738	PF01857;PF01858;PF08934;PF11934	999	900	0	0	0	0	0	0	0	67	0	966	900	428	183	627	coexpression_transferred;experiments_transferred;database;database_transferred;textmining;textmining_transferred	9986.ENSOCUP00000010738 || 9986.ENSOCUP00000041017	True	False
PF06465	DUF1087 - CHD subfamily II, DUF1087	NO_PFAM	5456	223	437	1628	999	786.9934017595308	900	894	2	0	0	207	180	894	10	248	54	973	66	323	54	654	2792	790	2	928	5438	900	222	978	5104	983	96	909	5270	21.77125271523036	PF06465 || NO_PFAM	0.98452537777561	10090	10090.ENSMUSP00000060054	10090.ENSMUSP00000104301	PF00176;PF00271;PF00385;PF00628;PF06461;PF06465;PF08073;PF08074	999	900	55	0	0	0	55	971	61	109	0	537	900	0	981	58	cooccurence;homology;coexpression;coexpression_transferred;experiments_transferred;database;textmining;textmining_transferred	10090.ENSMUSP00000060054 || 10090.ENSMUSP00000104301	True	False
PF12969	DUF3857 - Domain of Unknown Function with PDB structure (DUF3857)	NO_PFAM	718	137	176	304	994	766.1281337047354	900	900	0	773	210	378	280	900	10	775	608	963	26	51	8	260	34	0	0	273	28	0	0	129	14	696	2	93	22	18.232368728035453	PF12969 || NO_PFAM	0.9821115550488272	319236	319236.BST91_05020	319236.BST91_05015	PF01841;PF09976;PF12969	994	900	900	773	0	900	775	0	0	0	0	0	0	0	0	0	neighborhood;fusion;cooccurence	319236.BST91_05015 || 319236.BST91_05020	True	False
PF12157	DUF3591 - Protein of unknown function (DUF3591)	NO_PFAM	21250	726	807	8801	999	821.5813647058824	900	900	4	0	0	0	0	900	28	497	132	957	26	312	66	547	6396	616	4	999	20962	900	1206	999	18834	962	188	847	18654	25.746731143352942	PF12157 || NO_PFAM	0.9809304858013754	44689	44689.Q54DH8	44689.C7G081	PF00439;PF12157	999	800	0	0	0	0	0	555	0	171	0	985	800	0	416	694	homology;coexpression_transferred;experiments_transferred;database;textmining;textmining_transferred	44689.C7G081 || 44689.Q54DH8	True	False
PF16279	DUF4927 - Domain of unknown function (DUF4927)	NO_PFAM	2290	70	154	586	999	808.5056768558952	900	220	2	0	0	0	0	0	0	220	38	885	138	310	86	162	810	900	2	999	2198	900	256	957	2172	814	198	833	2254	17.931409580870177	PF16279 || NO_PFAM	0.980906897110761	9598	9598.ENSPTRP00000023375	9598.ENSPTRP00000024841	PF00989;PF07469;PF08815;PF08832;PF14598;PF16279;PF16665;PF23172	999	800	0	0	0	0	0	0	0	104	0	822	800	861	0	833	coexpression_transferred;experiments_transferred;database;database_transferred;textmining_transferred	9598.ENSPTRP00000023375 || 9598.ENSPTRP00000024841	True	False
PF14644	DUF4456 - Domain of unknown function (DUF4456)	NO_PFAM	254	33	34	126	994	825.6850393700787	900	900	26	0	0	0	0	900	24	512	22	657	4	0	0	367	48	800	26	941	196	0	0	937	58	576	2	707	104	16.041903027392912	PF14644 || NO_PFAM	0.9789921018373192	52904	52904.ENSSMAP00000028689	52904.ENSSMAP00000008891	PF00069;PF00619;PF14643;PF14644	994	0	0	0	0	0	0	0	0	0	0	917	0	842	0	608	experiments_transferred;database_transferred;textmining_transferred	52904.ENSSMAP00000008891 || 52904.ENSSMAP00000028689	True	False
PF14643	DUF4455 - Domain of unknown function (DUF4455)	NO_PFAM	268	37	39	132	994	822.0	899	899	26	0	0	0	0	899	28	490	22	657	4	0	0	367	56	800	26	941	204	0	0	937	68	576	2	707	114	16.315802132056778	PF14643 || NO_PFAM	0.9781882103625578	52904	52904.ENSSMAP00000028689	52904.ENSSMAP00000016430	PF00069;PF00619;PF14643;PF14644	994	0	0	0	0	0	0	657	0	171	0	932	0	842	0	443	homology;coexpression_transferred;experiments_transferred;database_transferred;textmining_transferred	52904.ENSSMAP00000016430 || 52904.ENSSMAP00000028689	True	False
PF07853	DUF1648 - Domain of unknown function (DUF1648)	NO_PFAM	132	52	53	66	994	758.5151515151515	899	899	0	773	90	254	36	899	2	774	42	677	2	794	6	61	4	0	0	0	0	0	0	0	0	889	4	0	0	14.628932955326	PF07853 || NO_PFAM	0.9778817600312832	35841	35841.B4167_1910	35841.B4167_1911	PF07853;PF19124	994	899	899	773	0	899	774	0	0	0	0	0	0	0	0	0	neighborhood;fusion;cooccurence	35841.B4167_1910 || 35841.B4167_1911	True	False
PF18150	DUF5600 - Domain of unknown function (DUF5600)	NO_PFAM	1636	168	374	447	997	830.5	900	900	6	0	0	73	12	900	8	535	56	987	50	350	36	349	44	510	6	997	970	900	200	985	1184	965	112	802	1536	20.433373081744936	PF18150 || NO_PFAM	0.9773610224945743	9739	9739.ENSTTRP00000008428	9739.ENSTTRP00000004538	PF00350;PF12763;PF16880;PF18150	997	0	0	0	0	0	0	0	0	0	0	997	0	0	0	155	experiments_transferred;textmining_transferred	9739.ENSTTRP00000004538 || 9739.ENSTTRP00000008428	True	False
PF05960	DUF885 - Bacterial protein of unknown function (DUF885)	NO_PFAM	204	73	83	95	994	786.1078431372549	900	900	0	773	138	531	60	900	10	775	52	985	4	0	0	422	30	0	0	920	36	0	0	612	32	0	0	638	36	15.73114016554675	PF05960 || NO_PFAM	0.97735981753229	35756	35756.GCA_001044155_01153	35756.GCA_001044155_01154	PF05960	994	900	900	773	0	900	773	0	0	0	0	0	0	0	0	0	neighborhood;fusion;cooccurence	35756.GCA_001044155_01153 || 35756.GCA_001044155_01154	True	False
PF05661	DUF808 - Protein of unknown function (DUF808)	NO_PFAM	80	37	37	40	994	787.675	900	900	0	773	80	629	44	900	4	774	4	620	2	0	0	0	0	0	0	0	0	0	0	0	0	0	0	0	0	13.469621474125212	PF05661 || NO_PFAM	0.9766155920110278	1724	1724.GCA_001044175_01353	1724.GCA_001044175_01352	PF05661	994	900	900	773	71	900	774	0	0	0	0	0	0	0	0	0	neighborhood;neighborhood_transferred;fusion;cooccurence	1724.GCA_001044175_01352 || 1724.GCA_001044175_01353	True	False
PF11851	DUF3371 - Domain of unknown function (DUF3371)	NO_PFAM	810	66	122	340	999	822.7135802469136	900	215	2	0	0	55	34	0	0	215	106	965	134	84	36	897	128	800	2	999	668	900	90	909	322	956	214	806	780	16.7719594372314	PF11851 || NO_PFAM	0.96991775320763	9365	9365.ENSEEUP00000007902	9365.ENSEEUP00000005358	PF00010;PF11851;PF15951	999	0	0	0	0	0	0	0	0	0	0	999	0	256	0	56	experiments_transferred;database_transferred;textmining_transferred	9365.ENSEEUP00000005358 || 9365.ENSEEUP00000007902	True	False
PF19302	DUF5915 - Domain of unknown function (DUF5915)	NO_PFAM	6764	651	709	3000	999	829.7332939089297	900	962	0	773	142	962	5518	900	38	774	292	987	200	166	56	999	5808	0	0	996	4884	900	80	993	3826	887	136	905	6122	23.64160666445819	PF19302 || NO_PFAM	0.9675957860403326	10116	10116.ENSRNOP00000019862	10116.ENSRNOP00000034945	PF00133;PF08264;PF19302;PF23567	999	720	87	0	87	0	0	0	166	527	0	961	720	0	719	620	neighborhood_transferred;coexpression;coexpression_transferred;experiments_transferred;database;textmining;textmining_transferred	10116.ENSRNOP00000019862 || 10116.ENSRNOP00000034945	True	False
PF11329	DUF3131 - Protein of unknown function (DUF3131)	NO_PFAM	142	34	51	53	982	779.7323943661971	900	900	0	773	114	204	78	900	2	774	42	850	4	0	0	520	14	0	0	0	0	0	0	601	18	0	0	254	6	13.873540753238736	PF11329 || NO_PFAM	0.9675016157972134	1192868	1192868.GCA_000304395_03677	1192868.GCA_000304395_04187	PF06165;PF10091;PF11329;PF17167	982	900	900	0	64	900	774	0	0	48	0	0	0	264	0	0	neighborhood_transferred;fusion;cooccurence;coexpression_transferred;database_transferred	1192868.GCA_000304395_03677 || 1192868.GCA_000304395_04187	True	False
PF12558	DUF3744 - ATP-binding cassette cobalt transporter	NO_PFAM	80	19	19	40	999	860.225	900	900	0	773	30	385	66	900	26	775	32	627	4	828	12	763	66	0	0	916	48	900	2	564	28	710	6	270	64	12.185913701780422	PF12558 || NO_PFAM	0.9667827216635574	220668	220668.lp_0149	220668.lp_0148	PF00005;PF12558	999	900	854	773	263	854	775	0	828	369	0	550	900	0	709	129	neighborhood;neighborhood_transferred;fusion;cooccurence;coexpression;coexpression_transferred;experiments_transferred;database;textmining;textmining_transferred	220668.lp_0148 || 220668.lp_0149	True	False
PF07469	DUF1518 - Nuclear receptor coactivator, DUF1518	PF00989;PF07469;PF08815;PF08832;PF14598;PF16279;PF16665;PF23172	292	47	115	80	998	974.2465753424658	900	114	12	0	0	0	0	0	0	114	218	896	292	209	28	165	284	800	12	922	286	900	160	948	264	955	42	764	278	15.71904930956362	PF07469 || PF00989;PF07469;PF08815;PF08832;PF14598;PF16279;PF16665;PF23172	0.9662908337904308	9598	9598.ENSPTRP00000020127	9598.ENSPTRP00000069925	PF00989;PF07469;PF08815;PF08832;PF14598;PF16665;PF23172	998	900	89	0	0	0	89	810	0	138	0	697	900	861	0	674	cooccurence;homology;coexpression_transferred;experiments_transferred;database;database_transferred;textmining_transferred	9598.ENSPTRP00000020127 || 9598.ENSPTRP00000069925	True	False
PF11965	DUF3479 - Domain of unknown function (DUF3479)	NO_PFAM	824	150	167	387	999	839.0873786407767	900	899	0	773	300	548	598	899	2	771	568	772	4	686	26	792	722	0	0	387	80	900	44	903	238	826	50	611	424	18.54894305996453	PF11965 || NO_PFAM	0.966247757487435	272942	272942.RCAP_rcc00663	272942.RCAP_rcc00661	PF02514;PF11965	999	900	769	686	123	0	769	0	0	443	0	0	900	0	804	159	neighborhood;neighborhood_transferred;cooccurence;coexpression_transferred;database;textmining;textmining_transferred	272942.RCAP_rcc00661 || 272942.RCAP_rcc00663	True	False
PF14252	DUF4347 - Domain of unknown function (DUF4347)	NO_PFAM	594	123	140	280	994	793.6195286195286	900	900	0	773	178	227	230	900	10	774	280	976	14	58	4	840	290	0	0	974	208	900	22	752	150	901	14	821	278	17.8291245367557	PF14252 || NO_PFAM	0.9645713077215726	481446	481446.NIT7645_03264	481446.NIT7645_01577	PF00353;PF14252	994	0	222	0	222	0	168	0	0	54	0	974	0	613	0	221	neighborhood_transferred;cooccurence;coexpression_transferred;experiments_transferred;database_transferred;textmining_transferred	481446.NIT7645_01577 || 481446.NIT7645_03264	True	False
PF20169	DUF6537 - Family of unknown function (DUF6537)	NO_PFAM	1752	298	378	717	999	780.1073059360731	900	900	0	773	42	590	1596	900	8	774	164	983	22	42	2	930	916	0	0	948	164	0	0	906	1582	713	2	745	1618	20.669971031702605	PF20169 || NO_PFAM	0.9642399985532336	1192868	1192868.GCA_000304395_00346	1192868.GCA_000304395_00345	PF01558;PF20169	999	900	900	732	229	900	774	0	0	537	0	606	0	610	0	389	neighborhood;neighborhood_transferred;fusion;cooccurence;coexpression_transferred;experiments_transferred;database_transferred;textmining_transferred	1192868.GCA_000304395_00345 || 1192868.GCA_000304395_00346	True	False
PF21813	DUF6882 - Family of unknown function (DUF6882)	NO_PFAM	98	21	23	48	979	759.6938775510204	773	773	0	773	26	77	8	604	4	772	56	938	2	0	0	75	22	0	0	909	26	0	0	743	22	0	0	166	18	12.323204756851222	PF21813 || NO_PFAM	0.9641678750878764	59750	59750.AWC31_22350	59750.AWC31_04245	PF21813	979	0	75	0	75	0	0	0	0	56	0	909	0	743	0	166	neighborhood_transferred;coexpression_transferred;experiments_transferred;database_transferred;textmining_transferred	59750.AWC31_04245 || 59750.AWC31_22350	True	False
PF11862	DUF3382 - Domain of unknown function (DUF3382)	NO_PFAM	172	34	35	85	999	838.8372093023256	900	893	0	773	18	465	158	893	78	775	108	664	6	53	6	824	148	0	0	836	14	900	8	767	72	0	0	227	134	14.056987717476607	PF11862 || NO_PFAM	0.9638178637725572	1218098	1218098.GCA_001598715_00091	1218098.GCA_001598715_00089	PF02653;PF11862	999	900	774	773	165	744	774	0	0	644	0	0	900	0	0	227	neighborhood;neighborhood_transferred;fusion;cooccurence;coexpression_transferred;database;textmining_transferred	1218098.GCA_001598715_00089 || 1218098.GCA_001598715_00091	True	False
PF13584	BatD - BatD DUF11 like domain	NO_PFAM	1542	278	285	766	995	787.568093385214	900	900	0	773	510	481	656	900	16	775	1450	729	4	84	2	730	174	0	0	179	106	0	0	778	24	0	0	269	344	20.40390741600589	PF13584 || NO_PFAM	0.9638126005371652	49280	49280.A9996_04725	49280.A9996_04720	PF13584	995	900	900	773	136	900	775	0	0	104	0	0	0	0	0	62	neighborhood;neighborhood_transferred;fusion;cooccurence;coexpression_transferred;textmining_transferred	49280.A9996_04720 || 49280.A9996_04725	True	False
PF25372	DUF7885 - Leucine Rich Repeat Domain of unknown function (DUF7885)	NO_PFAM	11098	626	1739	2962	999	816.7183276265994	900	900	0	737	8	147	48	900	58	773	116	984	58	167	58	811	3144	0	0	997	10044	900	218	976	9284	910	502	905	10396	23.99650337441782	PF25372 || NO_PFAM	0.9625074197162056	9598	9598.ENSPTRP00000009437	9598.ENSPTRP00000069790	PF02008;PF02373;PF12937;PF13621;PF16866;PF17811;PF25372	999	0	0	0	0	0	0	0	0	64	0	997	0	631	0	815	coexpression_transferred;experiments_transferred;database_transferred;textmining_transferred	9598.ENSPTRP00000009437 || 9598.ENSPTRP00000069790	True	False
PF05957	DUF883 - DUF883 N-terminal domain	NO_PFAM	222	70	78	103	992	795.5675675675676	773	773	0	773	124	352	118	0	0	772	52	897	2	863	22	923	88	0	0	443	2	0	0	429	2	882	20	251	18	15.47853152554275	PF05957 || NO_PFAM	0.9596693414267794	580	580.GCA_001266615_01294	580.GCA_001266615_01293	PF05957;PF19029	991	773	773	773	183	0	747	0	0	826	0	0	0	0	0	115	neighborhood;neighborhood_transferred;cooccurence;coexpression_transferred;textmining_transferred	580.GCA_001266615_01293 || 580.GCA_001266615_01294	True	False
PF23653	DUF7149 - Domain of unknown function (DUF7149)	NO_PFAM	48	12	14	23	976	803.8333333333334	900	900	0	773	26	150	20	900	4	775	8	649	2	53	4	914	20	0	0	0	0	0	0	0	0	0	0	167	16	10.8217190130337	PF23653 || NO_PFAM	0.958135584807768	317619	317619.GCA_000332315_04436	317619.GCA_000332315_04437	PF23653;PF25120	976	900	900	0	0	900	775	0	0	0	0	0	0	0	0	0	fusion;cooccurence	317619.GCA_000332315_04436 || 317619.GCA_000332315_04437	True	False
PF12079	DUF3558 - Protein of unknown function (DUF3558)	NO_PFAM	2576	111	305	986	997	755.7057453416149	773	774	0	773	570	594	446	89	2	774	1866	970	12	64	46	734	194	0	0	950	300	0	0	830	170	0	0	785	222	18.83837895324256	PF12079 || NO_PFAM	0.9569064391244932	44010	44010.AWC00_14145	44010.AWC00_14140	PF12079	997	773	774	773	463	0	774	0	0	722	0	0	0	0	0	719	neighborhood;neighborhood_transferred;cooccurence;coexpression_transferred;textmining_transferred	44010.AWC00_14140 || 44010.AWC00_14145	True	False
PF11812	DUF3333 - Domain of unknown function (DUF3333)	NO_PFAM	110	35	36	54	999	841.0909090909091	880	880	0	768	24	546	106	880	8	773	12	609	2	0	0	910	90	0	0	0	0	800	2	921	70	0	0	418	92	13.636568078224556	PF11812 || NO_PFAM	0.9543410514219888	1192759	1192759.GCA_000277525_00692	1192759.GCA_000277525_00693	PF00528;PF11812	999	768	773	768	402	0	773	0	0	910	0	0	0	921	0	272	neighborhood;neighborhood_transferred;cooccurence;coexpression_transferred;database_transferred;textmining_transferred	1192759.GCA_000277525_00692 || 1192759.GCA_000277525_00693	True	False
PF11815	DUF3336 - Domain of unknown function (DUF3336)	NO_PFAM	8868	498	935	2842	995	815.4551195308976	900	900	0	511	6	219	4528	900	22	763	82	985	50	116	24	364	940	0	0	976	992	900	1206	981	7594	793	36	772	8108	23.315529520879487	PF11815 || NO_PFAM	0.9542046313948266	515849	515849.A0A090C996	515849.B2AXD9	PF01734;PF11815	995	900	0	0	0	0	0	0	0	0	0	960	900	0	0	63	experiments_transferred;database;textmining_transferred	515849.A0A090C996 || 515849.B2AXD9	True	False
PF16279	DUF4927 - Domain of unknown function (DUF4927)	PF00989;PF07469;PF08815;PF08832;PF14598;PF16665;PF23172	158	43	79	43	998	980.632911392405	900	114	6	0	0	0	0	0	0	114	86	847	158	103	10	173	158	735	6	785	156	900	84	948	146	951	22	764	152	14.624238544584411	PF16279 || PF00989;PF07469;PF08815;PF08832;PF14598;PF16665;PF23172	0.9522746817308894	61853	61853.ENSNLEP00000013823	61853.ENSNLEP00000047649	PF00989;PF07469;PF08815;PF08832;PF14598;PF16279;PF16665;PF23172	998	900	87	0	0	0	87	812	0	135	0	689	900	870	0	684	cooccurence;homology;coexpression_transferred;experiments_transferred;database;database_transferred;textmining_transferred	61853.ENSNLEP00000013823 || 61853.ENSNLEP00000047649	True	False
PF21593	DUF6853 - Family of unknown function (DUF6853)	NO_PFAM	2	1	1	1	900	900.0	900	0	2	0	0	0	0	0	0	0	0	991	2	0	0	0	0	900	2	0	0	0	0	0	0	0	0	0	0	3.9342127941220553	PF21593 || NO_PFAM	0.949025651404869	122586	122586.NMB0500	122586.NMB1774	PF21593	900	900	0	0	0	0	0	991	0	0	900	0	0	0	0	0	homology;experiments	122586.NMB0500 || 122586.NMB1774	True	False
PF04037	DUF382 - Domain of unknown function (DUF382) 	NO_PFAM	30476	750	825	13152	999	842.0949599684998	994	900	14	0	0	0	0	900	12	334	90	0	0	386	164	784	17952	994	14	999	30390	900	850	999	17104	822	96	899	26094	26.815563983839027	PF04037 || NO_PFAM	0.9485041932697812	9685	9685.ENSFCAP00000012325	9685.ENSFCAP00000021835	PF02037;PF04037;PF04046	999	900	0	0	0	0	0	0	0	0	0	844	900	917	0	450	experiments_transferred;database;database_transferred;textmining_transferred	9685.ENSFCAP00000012325 || 9685.ENSFCAP00000021835	True	False
PF11306	DUF3108 - Protein of unknown function (DUF3108)	NO_PFAM	2658	403	446	1242	990	750.5522949586154	773	774	0	773	230	508	458	353	4	774	2322	787	4	108	14	299	234	0	0	951	432	0	0	923	390	0	0	471	518	21.43553514716532	PF11306 || NO_PFAM	0.9473313137116216	225991	225991.MA05_03380	225991.MA05_04300	PF11306	990	0	345	0	345	0	0	0	0	54	0	768	0	903	0	418	neighborhood_transferred;coexpression_transferred;experiments_transferred;database_transferred;textmining_transferred	225991.MA05_03380 || 225991.MA05_04300	True	False
PF05949	DUF881 - Bacterial protein of unknown function (DUF881)	NO_PFAM	278	104	116	131	992	798.4748201438849	773	775	0	773	246	598	220	0	0	775	58	645	10	882	8	883	24	0	0	0	0	0	0	0	0	870	4	606	24	16.48713248213641	PF05949 || NO_PFAM	0.9463508612049968	224308	224308.BSU15260	224308.BSU15250	PF05949	992	701	775	701	169	0	775	0	283	0	0	0	0	0	849	0	neighborhood;neighborhood_transferred;cooccurence;coexpression;textmining	224308.BSU15250 || 224308.BSU15260	True	False
PF14270	DUF4358 - Domain of unknown function (DUF4358)	NO_PFAM	28	10	10	14	953	789.7857142857143	773	774	0	773	16	161	10	0	0	774	16	931	2	0	0	70	2	0	0	566	2	0	0	345	2	0	0	79	2	9.710086375583217	PF14270 || NO_PFAM	0.9399927595815762	410072	410072.ERS852525_02521	410072.ERS852525_02520	PF14270	953	773	774	773	155	0	774	0	0	0	0	0	0	0	0	0	neighborhood;neighborhood_transferred;cooccurence	410072.ERS852525_02520 || 410072.ERS852525_02521	True	False
PF09661	DUF2398 - Protein of unknown function (DUF2398)	NO_PFAM	208	37	46	91	960	776.5576923076923	773	775	0	773	54	556	88	0	0	775	196	665	2	0	0	0	0	0	0	0	0	0	0	0	0	0	0	0	0	14.165506571417582	PF09661 || NO_PFAM	0.9351428826829192	166486	166486.ERS852572_01615	166486.ERS852572_01617	PF09661	960	773	775	773	284	0	775	0	0	0	0	0	0	0	0	0	neighborhood;neighborhood_transferred;cooccurence	166486.ERS852572_01615 || 166486.ERS852572_01617	True	False
PF12473	DUF3694 - Kinesin protein 	NO_PFAM	1022	151	222	390	974	763.320939334638	900	900	4	0	0	0	0	900	118	497	32	966	362	72	52	711	416	422	4	924	634	540	374	973	662	896	214	863	874	19.582974763861227	PF12473 || NO_PFAM	0.935030210262336	43179	43179.ENSSTOP00000029197	43179.ENSSTOP00000002853	PF00566;PF12473	974	0	0	0	0	0	0	0	0	78	0	72	0	973	0	0	coexpression_transferred;experiments_transferred;database_transferred	43179.ENSSTOP00000002853 || 43179.ENSSTOP00000029197	True	False
PF11898	DUF3418 - Domain of unknown function (DUF3418)	NO_PFAM	2524	420	420	1262	999	828.7464342313788	900	900	0	773	114	601	266	900	16	774	76	606	2	65	14	523	620	0	0	968	2402	0	0	999	2286	706	2	437	1940	21.71926200907422	PF11898 || NO_PFAM	0.9332467433987304	1122190	1122190.GCA_000621105_00421	1122190.GCA_000621105_02041	PF00270;PF00271;PF07717;PF11898;PF21010	999	0	0	0	0	0	0	0	0	50	0	324	0	999	0	0	coexpression_transferred;experiments_transferred;database_transferred	1122190.GCA_000621105_00421 || 1122190.GCA_000621105_02041	True	False
PF11897	DUF3417 - Protein of unknown function (DUF3417)	NO_PFAM	882	179	184	431	996	831.1995464852607	900	900	0	773	36	600	720	900	14	405	72	819	4	47	8	923	730	0	0	788	586	900	48	984	660	0	0	793	716	18.969238902384376	PF11897 || NO_PFAM	0.933058216292454	1888	1888.Salbus254_1654	1888.Salbus254_5855	PF00343;PF11897	996	0	400	0	400	0	192	0	0	538	0	0	0	984	0	199	neighborhood_transferred;cooccurence;coexpression_transferred;database_transferred;textmining_transferred	1888.Salbus254_1654 || 1888.Salbus254_5855	True	False
PF13786	DUF4179 - Domain of unknown function (DUF4179)	NO_PFAM	204	39	55	86	963	759.4607843137255	773	774	0	773	26	350	68	0	0	774	144	982	2	0	0	440	44	0	0	859	54	0	0	844	38	0	0	414	48	14.24776888736628	PF13786 || NO_PFAM	0.9291170766453256	1351755	1351755.CCH01_19260	1351755.CCH01_19270	PF13786;PF18705	963	773	773	773	350	0	771	0	0	0	0	0	0	0	0	0	neighborhood;neighborhood_transferred;cooccurence	1351755.CCH01_19260 || 1351755.CCH01_19270	True	False
PF17140	DUF5113 - Domain of unknown function (DUF5113)	NO_PFAM	150	13	13	75	998	785.44	773	773	0	773	12	418	72	0	0	772	106	608	6	58	16	274	56	0	0	966	58	0	0	867	72	0	0	350	72	11.84139449604544	PF17140 || NO_PFAM	0.9223797436596468	645274	645274.SAMN04487901_11165	645274.SAMN04487901_11164	PF02518;PF17139;PF17140	984	773	773	773	355	0	746	0	0	45	0	196	0	484	0	160	neighborhood;neighborhood_transferred;cooccurence;coexpression_transferred;experiments_transferred;database_transferred;textmining_transferred	645274.SAMN04487901_11164 || 645274.SAMN04487901_11165	True	False
PF17139	DUF5112 - Domain of unknown function (DUF5112)	NO_PFAM	130	12	12	65	998	783.3230769230769	773	773	0	773	12	418	54	0	0	772	94	608	6	58	16	274	44	0	0	966	52	0	0	867	56	0	0	350	56	11.551096038124223	PF17139 || NO_PFAM	0.9223797436596468	645274	645274.SAMN04487901_11165	645274.SAMN04487901_10730	PF02518;PF17139;PF17140	998	0	418	0	418	0	393	0	0	208	0	966	0	867	0	350	neighborhood_transferred;cooccurence;coexpression_transferred;experiments_transferred;database_transferred;textmining_transferred	645274.SAMN04487901_10730 || 645274.SAMN04487901_11165	True	False
PF14332	DUF4388 - Domain of unknown function (DUF4388)	NO_PFAM	2206	82	244	644	998	776.4406165004533	773	774	0	773	158	567	916	660	8	774	1514	613	58	46	8	649	654	0	0	987	876	0	0	888	794	882	6	398	698	18.084070621849936	PF14332 || NO_PFAM	0.9210370378304829	317619	317619.GCA_000332315_02144	317619.GCA_000332315_04115	PF00072;PF14332	998	0	299	0	188	0	299	0	0	69	0	987	0	780	0	210	neighborhood_transferred;cooccurence;coexpression_transferred;experiments_transferred;database_transferred;textmining_transferred	317619.GCA_000332315_02144 || 317619.GCA_000332315_04115	True	False
PF06949	DUF1292 - Protein of unknown function (DUF1292)	NO_PFAM	1568	158	186	711	941	751.2487244897959	773	831	0	773	184	831	182	0	0	775	1456	775	2	102	14	739	16	0	0	0	0	0	0	0	0	0	0	74	2	19.10000215717349	PF06949 || NO_PFAM	0.9202669884934868	1849491	1849491.BVH56_03345	1849491.BVH56_03340	PF06949	941	746	746	746	347	0	0	0	0	675	0	0	0	0	0	0	neighborhood;neighborhood_transferred;coexpression_transferred	1849491.BVH56_03340 || 1849491.BVH56_03345	True	False
PF10102	DUF2341 - Domain of unknown function (DUF2341)	NO_PFAM	332	58	71	143	990	851.4036144578313	773	857	0	773	170	857	258	0	0	775	212	668	2	483	30	497	212	0	0	845	116	0	0	818	42	700	16	460	190	15.593217377791882	PF10102 || NO_PFAM	0.9181434846451778	1760988	1760988.SAMN02949497_2482	1760988.SAMN02949497_2481	PF01618;PF10102;PF13385	990	613	772	613	143	0	772	0	0	488	0	699	0	239	0	142	neighborhood;neighborhood_transferred;cooccurence;coexpression_transferred;experiments_transferred;database_transferred;textmining_transferred	1760988.SAMN02949497_2481 || 1760988.SAMN02949497_2482	True	False
PF16220	DUF4880 - Domain of unknown function (DUF4880)	NO_PFAM	554	46	139	100	977	802.1841155234657	900	775	0	773	114	213	330	0	0	775	526	619	2	723	46	417	484	0	0	892	196	900	2	588	190	883	16	155	278	15.694263317166552	PF16220 || NO_PFAM	0.9164736832154656	208964	208964.PA2388	208964.PA2426	PF04773;PF16220	977	0	772	0	50	0	772	0	46	167	0	100	0	0	883	48	neighborhood_transferred;cooccurence;coexpression;coexpression_transferred;experiments_transferred;textmining;textmining_transferred	208964.PA2388 || 208964.PA2426	True	False
PF09269	DUF1967 - Domain of unknown function (DUF1967)	NO_PFAM	3166	373	382	1465	999	802.1370814908402	883	983	2	773	218	983	2166	883	12	652	280	0	0	879	28	805	1794	230	2	999	1750	0	0	538	90	823	18	839	1944	22.32435778570176	PF09269 || NO_PFAM	0.9119044518081298	1894	1894.ADK78_22910	1894.ADK78_22900	PF01018;PF01926;PF09269	999	463	980	463	980	0	0	0	0	115	0	767	0	0	0	696	neighborhood;neighborhood_transferred;coexpression_transferred;experiments_transferred;textmining_transferred	1894.ADK78_22900 || 1894.ADK78_22910	True	False
PF19700	DUF6198 - Family of unknown function (DUF6198)	NO_PFAM	118	45	49	56	942	786.728813559322	899	899	0	773	88	572	62	899	4	773	16	791	2	61	2	858	24	0	0	0	0	0	0	737	8	571	2	0	0	14.234406286089722	PF19700 || NO_PFAM	0.9118923508242904	877500	877500.GCA_000935065_02028	877500.GCA_000935065_02016	PF13189;PF19700	942	899	899	0	88	899	425	0	0	0	0	0	0	0	0	0	neighborhood_transferred;fusion;cooccurence	877500.GCA_000935065_02016 || 877500.GCA_000935065_02028	True	False
PF09413	DUF2007 - Putative prokaryotic signal transducing protein 	NO_PFAM	294	93	94	146	966	762.6326530612245	773	773	0	773	146	538	138	0	0	770	108	894	4	42	2	842	22	0	0	571	38	0	0	918	50	0	0	538	58	16.319564920879827	PF09413 || NO_PFAM	0.9115881435666776	1266925	1266925.GCA_000619905_00405	1266925.GCA_000619905_02242	PF09413;PF24463	966	0	231	0	231	0	0	0	0	0	0	139	0	918	0	460	neighborhood_transferred;experiments_transferred;database_transferred;textmining_transferred	1266925.GCA_000619905_00405 || 1266925.GCA_000619905_02242	True	False
PF13635	DUF4143 - Domain of unknown function (DUF4143)	NO_PFAM	322	91	123	127	994	771.7142857142857	900	900	0	773	174	125	34	900	32	775	196	0	0	61	6	0	0	0	0	0	0	0	0	0	0	0	0	52	2	16.62122947732074	PF13635 || NO_PFAM	0.910378650521145	1423734	1423734.FC83_GL003359	1423734.FC83_GL003360	PF13635	994	900	900	773	0	900	775	0	0	0	0	0	0	0	0	0	neighborhood;fusion;cooccurence	1423734.FC83_GL003359 || 1423734.FC83_GL003360	True	False
PF09343	DUF2460 - Conserved hypothetical protein 2217 (DUF2460)	NO_PFAM	2092	274	339	884	999	881.0669216061185	773	775	0	773	1264	546	1892	601	6	775	1550	0	0	449	14	268	572	0	0	988	878	0	0	0	0	0	0	89	138	20.427895917779143	PF09343 || NO_PFAM	0.9082695656974848	1185766	1185766.SAMN05216224_105129	1185766.SAMN05216224_105132	PF09343	999	773	773	773	428	0	773	0	0	0	0	988	0	0	0	0	neighborhood;neighborhood_transferred;cooccurence;experiments_transferred	1185766.SAMN05216224_105129 || 1185766.SAMN05216224_105132	True	False
PF19461	DUF5998 - Family of unknown function (DUF5998)	NO_PFAM	112	23	24	55	995	786.4642857142857	773	980	0	773	30	980	60	515	6	770	76	0	0	0	0	0	0	0	0	0	0	0	0	0	0	0	0	0	0	12.836495479408232	PF19461 || NO_PFAM	0.9038529443558586	1894	1894.ADK78_31415	1894.ADK78_31410	PF19461	995	773	978	773	978	0	215	0	0	0	0	0	0	0	0	0	neighborhood;neighborhood_transferred;cooccurence	1894.ADK78_31410 || 1894.ADK78_31415	True	False
PF21537	DUF1980_C - DUF1980 C-terminal domain	NO_PFAM	316	98	103	152	983	801.4810126582279	773	774	0	773	170	420	140	0	0	774	216	609	2	0	0	770	14	0	0	775	2	0	0	0	0	911	4	335	14	16.49614147414646	PF21537 || NO_PFAM	0.9035173398372576	1123024	1123024.GCA_000423625_04935	1123024.GCA_000423625_04936	PF21537	983	773	773	773	400	0	773	0	0	429	0	0	0	0	0	184	neighborhood;neighborhood_transferred;cooccurence;coexpression_transferred;textmining_transferred	1123024.GCA_000423625_04935 || 1123024.GCA_000423625_04936	True	False
PF08020	DUF1706 - Protein of unknown function (DUF1706)   	NO_PFAM	36	15	15	18	992	783.8333333333334	893	893	2	773	30	49	2	893	2	774	6	0	0	0	0	51	2	81	2	0	0	0	0	0	0	879	6	0	0	11.491401501457844	PF08020 || NO_PFAM	0.9003654148712205	1214117	1214117.LFLEISCH_11328	1214117.LFLEISCH_11323	PF08020	992	893	893	723	0	893	774	0	0	0	0	0	0	0	0	0	neighborhood;fusion;cooccurence	1214117.LFLEISCH_11323 || 1214117.LFLEISCH_11328	True	False
PF06627	DUF1153 - Protein of unknown function (DUF1153)	NO_PFAM	242	90	92	119	999	777.7685950413223	773	774	0	773	80	534	78	322	6	774	62	0	0	729	8	999	118	0	0	0	0	0	0	0	0	0	0	0	0	16.061780456374247	PF06627 || NO_PFAM	0.8997956825736813	1545044	1545044.SAMN05444276_102293	1545044.SAMN05444276_101447	PF06627	999	0	0	0	0	0	0	0	0	999	0	0	0	0	0	0	coexpression_transferred	1545044.SAMN05444276_101447 || 1545044.SAMN05444276_102293	True	False
PF05768	Glrx-like - Glutaredoxin-like domain (DUF836)	NO_PFAM	1826	168	170	906	996	783.0284775465499	900	981	0	773	74	981	1224	36	2	775	470	598	2	128	4	847	768	0	0	925	494	900	26	911	778	837	8	584	1248	19.65122798622416	PF05768 || NO_PFAM	0.8995563346469264	7370	7370.A0A1I8MV40	7370.T1PFL3	PF00108;PF05768	996	900	111	0	111	0	0	0	0	664	0	649	900	542	0	397	neighborhood_transferred;coexpression_transferred;experiments_transferred;database;database_transferred;textmining_transferred	7370.A0A1I8MV40 || 7370.T1PFL3	True	False
PF06226	DUF1007 - Protein of unknown function (DUF1007)	NO_PFAM	76	28	28	38	996	777.8157894736842	895	895	0	773	50	464	46	895	2	775	36	0	0	0	0	383	2	0	0	0	0	0	0	0	0	0	0	386	8	12.868397081826632	PF06226 || NO_PFAM	0.8990444741172054	258594	258594.RPA0873	258594.RPA0874	PF06226	996	895	895	773	374	895	774	0	0	0	0	0	0	0	0	85	neighborhood;neighborhood_transferred;fusion;cooccurence;textmining_transferred	258594.RPA0873 || 258594.RPA0874	True	False
PF11335	DUF3137 - Protein of unknown function (DUF3137) 	NO_PFAM	134	27	34	60	964	753.0298507462686	773	773	0	773	76	178	20	0	0	768	64	705	2	319	2	813	12	0	0	119	2	0	0	704	8	0	0	310	10	13.115683798788837	PF11335 || NO_PFAM	0.8989080191365493	211165	211165.GCA_000317285_03696	211165.GCA_000317285_02537	PF11335;PF14559	964	0	178	0	178	0	0	0	0	813	0	0	0	704	0	310	neighborhood_transferred;coexpression_transferred;database_transferred;textmining_transferred	211165.GCA_000317285_02537 || 211165.GCA_000317285_03696	True	False
PF19890	DUF6363 - Domain of unknown function (DUF6363)	NO_PFAM	88	36	36	44	976	756.7954545454545	900	900	0	773	62	114	10	900	2	775	10	0	0	863	4	786	18	0	0	0	0	0	0	0	0	0	0	0	0	13.51047219502059	PF19890 || NO_PFAM	0.8959360544514364	1703	1703.BLSMQ_2450	1703.BLSMQ_2453	PF01734;PF19890	976	900	900	0	0	900	775	0	0	0	0	0	0	0	0	0	fusion;cooccurence	1703.BLSMQ_2450 || 1703.BLSMQ_2453	True	False
PF19802	DUF6285 - Domain of unknown function (DUF6285)	NO_PFAM	128	32	32	64	993	807.859375	866	866	0	773	72	554	88	866	6	771	96	0	0	55	2	515	36	0	0	158	6	0	0	64	2	0	0	148	26	13.584827527294632	PF19802 || NO_PFAM	0.8944470611851031	1768	1768.B1T50_22305	1768.B1T50_22310	PF19802	993	866	866	773	394	866	674	0	0	0	0	0	0	0	0	0	neighborhood;neighborhood_transferred;fusion;cooccurence	1768.B1T50_22305 || 1768.B1T50_22310	True	False
PF13194	DUF4010 - Domain of unknown function (DUF4010)	NO_PFAM	28	14	14	14	984	782.0	899	899	0	773	26	91	12	899	4	774	10	0	0	0	0	0	0	0	0	0	0	0	0	0	0	0	0	0	0	10.581396232190894	PF13194 || NO_PFAM	0.8926197353163039	160660	160660.BJI67_08835	160660.BJI67_08845	PF13194	984	899	899	389	0	899	774	0	0	0	0	0	0	0	0	0	neighborhood;fusion;cooccurence	160660.BJI67_08835 || 160660.BJI67_08845	True	False
PF04037	DUF382 - Domain of unknown function (DUF382) 	PF01480	1970	659	719	879	999	846.6670050761421	806	236	4	0	0	0	0	0	0	236	8	0	0	450	16	710	1970	806	4	999	1970	360	2	375	24	522	10	468	1970	22.417494933410715	PF04037 || PF01480	0.8914700888385483	9593	9593.ENSGGOP00000026965	9593.ENSGGOP00000012853	PF02037;PF04037;PF04046	999	360	0	0	0	0	0	0	0	103	0	999	360	0	0	313	coexpression_transferred;experiments_transferred;database;textmining_transferred	9593.ENSGGOP00000012853 || 9593.ENSGGOP00000026965	True	False
PF16387	DUF4996 - Domain of unknown function	NO_PFAM	26	8	8	13	954	809.0	900	773	0	773	14	142	16	0	0	735	12	629	2	51	2	206	10	0	0	118	2	900	6	606	8	0	0	93	8	9.363286020676767	PF16387 || NO_PFAM	0.8901537396912305	1796613	1796613.A4V03_05875	1796613.A4V03_10170	PF03009;PF16387	954	900	566	0	0	0	566	0	0	0	0	0	900	0	0	0	cooccurence;database	1796613.A4V03_05875 || 1796613.A4V03_10170	True	False
PF09955	DUF2189 - Predicted integral membrane protein (DUF2189)	NO_PFAM	140	47	51	69	922	771.6285714285714	773	775	0	773	118	534	72	194	2	775	36	666	2	0	0	0	0	0	0	0	0	0	0	0	0	0	0	0	0	14.239161912193952	PF09955 || NO_PFAM	0.8896681953537795	53254	53254.SAMN05660750_04704	53254.SAMN05660750_04707	PF09955	922	757	757	757	231	0	616	0	0	0	0	0	0	0	0	0	neighborhood;neighborhood_transferred;cooccurence	53254.SAMN05660750_04704 || 53254.SAMN05660750_04707	True	False
PF03988	DUF347 - Repeat of Unknown Function (DUF347) 	NO_PFAM	124	38	53	43	994	828.0483870967741	899	899	0	773	98	192	98	899	8	775	96	0	0	52	4	0	0	0	0	0	0	0	0	0	0	670	4	105	52	13.953437029561597	PF03988 || NO_PFAM	0.8874828869374218	1291764	1291764.GCA_001311235_02368	1291764.GCA_001311235_02367	PF03988	994	899	899	773	0	899	774	0	0	0	0	0	0	0	0	0	neighborhood;fusion;cooccurence	1291764.GCA_001311235_02367 || 1291764.GCA_001311235_02368	True	False
PF12030	DUF3517 - Domain of unknown function (DUF3517)	NO_PFAM	2092	329	396	933	988	794.189292543021	900	900	2	0	0	0	0	900	60	533	220	560	12	853	46	893	904	292	2	921	1850	900	4	973	1588	907	76	768	1534	21.5938451757011	PF12030 || NO_PFAM	0.8844905286387904	29088	29088.A0A2Y9GQ91	29088.A0A2Y9GMJ0	PF00443;PF12030;PF22900;PF25010	988	0	0	0	0	0	0	0	0	0	0	103	0	951	0	762	experiments_transferred;database_transferred;textmining_transferred	29088.A0A2Y9GMJ0 || 29088.A0A2Y9GQ91	True	False
PF17761	DUF1016_N - DUF1016 N-terminal domain	NO_PFAM	224	78	96	101	987	771.6071428571429	900	900	0	773	190	401	48	900	8	775	46	0	0	0	0	655	4	0	0	96	2	0	0	0	0	0	0	73	2	15.954996107138465	PF17761 || NO_PFAM	0.8844646517279949	1776384	1776384.GCA_900086585_00156	1776384.GCA_900086585_00155	PF06250;PF17761	987	900	900	476	0	900	774	0	0	0	0	0	0	0	0	0	neighborhood;fusion;cooccurence	1776384.GCA_900086585_00155 || 1776384.GCA_900086585_00156	True	False
PF15483	DUF4641 - Domain of unknown function (DUF4641)	PF15483	4	1	2	2	999	999.0	0	0	0	0	0	0	0	0	0	0	0	987	4	999	4	0	0	0	0	0	0	0	0	0	0	0	0	0	0	2.995732273553991	PF15483 || PF15483	0.8839658639559075	9606	9606.ENSP00000482270	9606.ENSP00000480355	PF15483	999	0	0	0	0	0	0	987	999	0	0	0	0	0	0	0	homology;coexpression	9606.ENSP00000480355 || 9606.ENSP00000482270	True	False
PF20386	DUF6681 - Family of unknown function (DUF6681)	NO_PFAM	256	59	60	126	982	813.7734375	773	774	0	773	118	614	106	688	2	774	232	0	0	0	0	98	92	0	0	0	0	0	0	0	0	0	0	0	0	15.284765209339422	PF20386 || NO_PFAM	0.8833252095751623	907931	907931.GCA_000165675_01350	907931.GCA_000165675_01351	PF20386	982	773	774	773	0	688	774	0	0	0	0	0	0	0	0	0	neighborhood;fusion;cooccurence	907931.GCA_000165675_01350 || 907931.GCA_000165675_01351	True	False
PF05974	DUF892 - Domain of unknown function (DUF892)	NO_PFAM	108	39	45	49	999	788.9629629629629	900	900	0	773	68	231	42	900	2	770	32	0	0	943	14	846	30	0	0	0	0	0	0	0	0	897	14	813	14	13.869106790457018	PF05974 || NO_PFAM	0.8832633832700997	99287	99287.STM1729	99287.STM1731	PF05974	999	900	900	572	107	900	604	0	943	181	0	0	0	0	0	0	neighborhood;neighborhood_transferred;fusion;cooccurence;coexpression;coexpression_transferred	99287.STM1729 || 99287.STM1731	True	False
PF07626	PSD3 - Protein of unknown function (DUF1587)	NO_PFAM	326	35	90	88	946	754.6932515337423	773	775	0	773	44	192	76	507	6	775	246	617	2	0	0	127	46	0	0	874	48	0	0	644	42	0	0	203	66	14.504998047809474	PF07626 || NO_PFAM	0.8808309522834836	54	54.SAMN02745121_08330	54.SAMN02745121_08331	PF07624;PF07626;PF07627;PF07631;PF07637	946	773	775	773	0	0	775	0	0	0	0	0	0	0	0	0	neighborhood;cooccurence	54.SAMN02745121_08330 || 54.SAMN02745121_08331	True	False
PF19124	DUF5808 - Family of unknown function (DUF5808)	NO_PFAM	66	22	22	33	994	771.8484848484849	899	899	0	773	40	357	22	899	2	774	28	0	0	0	0	124	4	0	0	0	0	0	0	0	0	733	6	204	4	12.273681051249266	PF19124 || NO_PFAM	0.8793100589381264	35841	35841.B4167_1910	35841.B4167_1912	PF07853;PF19124	916	773	773	773	104	0	620	0	0	0	0	0	0	0	0	0	neighborhood;neighborhood_transferred;cooccurence	35841.B4167_1910 || 35841.B4167_1912	True	False
PF06304	DUF1048 - Protein of unknown function (DUF1048)	NO_PFAM	14	6	7	6	984	782.7142857142857	773	774	0	773	8	218	8	686	2	774	12	0	0	0	0	43	2	0	0	0	0	0	0	0	0	0	0	69	4	8.146870499212836	PF06304 || NO_PFAM	0.8789582812520162	1385510	1385510.GCA_000425205_02224	1385510.GCA_000425205_02223	PF06304	984	773	774	773	154	686	774	0	0	0	0	0	0	0	0	0	neighborhood;neighborhood_transferred;fusion;cooccurence	1385510.GCA_000425205_02223 || 1385510.GCA_000425205_02224	True	False
PF14014	DUF4230 - Protein of unknown function (DUF4230)	NO_PFAM	526	102	109	262	990	741.3231939163499	899	899	0	773	124	238	60	899	2	774	434	0	0	0	0	0	0	0	0	0	0	0	0	0	0	744	8	0	0	17.334658525000634	PF14014 || NO_PFAM	0.8789254823205314	1123037	1123037.GCA_000425305_01404	1123037.GCA_000425305_01403	PF14014	990	899	899	620	0	899	774	0	0	0	0	0	0	0	0	0	neighborhood;fusion;cooccurence	1123037.GCA_000425305_01403 || 1123037.GCA_000425305_01404	True	False
PF19573	DUF6089 - Domain of unknown function (DUF6089)	NO_PFAM	1248	171	221	571	956	748.5416666666666	773	775	0	773	104	385	134	0	0	775	1218	623	6	0	0	263	86	0	0	953	214	0	0	424	6	0	0	309	36	18.97308746375248	PF19573 || NO_PFAM	0.8785996120106084	354355	354355.SAMN05660816_00864	354355.SAMN05660816_03238	PF19573	956	0	0	0	0	0	0	0	0	118	0	953	0	0	0	0	coexpression_transferred;experiments_transferred	354355.SAMN05660816_00864 || 354355.SAMN05660816_03238	True	False
PF07892	DUF1667 - Protein of unknown function (DUF1667)	NO_PFAM	64	15	17	30	997	787.40625	876	876	0	773	22	373	40	876	4	775	48	0	0	0	0	699	32	0	0	86	2	0	0	0	0	0	0	752	8	11.471564714375198	PF07892 || NO_PFAM	0.8783799516192637	2044587	2044587.C824_01011	2044587.C824_01010	PF07892	997	876	876	773	283	876	775	0	0	553	0	0	0	0	0	0	neighborhood;neighborhood_transferred;fusion;cooccurence;coexpression_transferred	2044587.C824_01010 || 2044587.C824_01011	True	False
PF14287	DUF4368 - Domain of unknown function (DUF4368)	NO_PFAM	300	44	98	123	979	774.8066666666666	840	840	0	773	130	95	54	840	16	774	232	0	0	0	0	89	18	0	0	0	0	0	0	0	0	0	0	0	0	15.000435244289514	PF14287 || NO_PFAM	0.8776873495439804	1291764	1291764.GCA_001311235_00175	1291764.GCA_001311235_00173	PF00239;PF07508;PF13408;PF14287	979	828	828	526	0	828	773	0	0	0	0	0	0	0	0	0	neighborhood;fusion;cooccurence	1291764.GCA_001311235_00173 || 1291764.GCA_001311235_00175	True	False
PF08952	DUF1866 - Domain of unknown function (DUF1866) 	NO_PFAM	3062	179	245	1186	990	843.8203788373612	900	880	2	0	0	0	0	880	18	110	20	919	182	104	88	88	422	292	2	963	1374	900	904	981	1716	827	266	893	2830	20.742369952947247	PF08952 || NO_PFAM	0.8773977016228337	60517	60517.A0A0R3WC70	60517.A0A0R3VUX9	PF02383;PF08952;PF22669	990	0	0	0	0	0	0	0	0	0	0	913	0	0	0	893	experiments_transferred;textmining_transferred	60517.A0A0R3VUX9 || 60517.A0A0R3WC70	True	False
PF09967	DUF2201 - VWA-like domain (DUF2201)	NO_PFAM	718	193	206	340	977	814.3844011142062	773	775	0	773	418	599	430	686	8	775	532	0	0	89	4	131	88	0	0	0	0	0	0	0	0	0	0	0	0	18.661577675847703	PF09967 || NO_PFAM	0.8766188016372055	907931	907931.GCA_000165675_00287	907931.GCA_000165675_00288	PF09967;PF13203	977	732	754	732	0	686	754	0	0	0	0	0	0	0	0	0	neighborhood;fusion;cooccurence	907931.GCA_000165675_00287 || 907931.GCA_000165675_00288	True	False
PF24038	DUF7347 - Domain of unknown function (DUF7347)	NO_PFAM	128	7	7	64	972	829.015625	773	773	0	773	8	269	108	0	0	772	86	624	4	0	0	753	114	0	0	527	120	0	0	774	124	0	0	379	116	10.564695487721345	PF24038 || NO_PFAM	0.8760104561136861	1481914	1481914.JCM19241_1591	1481914.JCM19241_1590	PF00072;PF24038	972	773	773	773	66	0	772	0	0	60	0	271	0	302	0	85	neighborhood;neighborhood_transferred;cooccurence;coexpression_transferred;experiments_transferred;database_transferred;textmining_transferred	1481914.JCM19241_1590 || 1481914.JCM19241_1591	True	False
PF26607	DUF8189 - Domain of unknown function (DUF8189)	NO_PFAM	392	54	67	183	985	780.7091836734694	773	774	0	773	74	602	106	0	0	774	154	605	6	0	0	941	102	0	0	909	212	0	0	948	198	0	0	640	196	15.535475982334203	PF26607 || NO_PFAM	0.8753147831260368	242507	242507.A0A151V492	242507.G4N9U8	PF26607	985	0	0	0	0	0	0	0	0	119	0	242	0	948	0	640	coexpression_transferred;experiments_transferred;database_transferred;textmining_transferred	242507.A0A151V492 || 242507.G4N9U8	True	False
PF15735	DUF4683 - Domain of unknown function (DUF4683)	NO_PFAM	2138	86	90	948	999	829.1449953227316	900	900	0	0	0	157	364	900	10	533	6	984	22	0	0	491	1564	0	0	996	2106	900	98	979	1818	622	44	965	2114	18.39990994639157	PF15735 || NO_PFAM	0.8736166256289768	9685	9685.ENSFCAP00000040513	9685.ENSFCAP00000000056	PF00136;PF03104;PF14260;PF15735;PF24055;PF24065	999	540	0	0	0	0	0	0	0	0	0	953	540	925	0	573	experiments_transferred;database;database_transferred;textmining_transferred	9685.ENSFCAP00000000056 || 9685.ENSFCAP00000040513	True	False
PF13195	DUF4011 - Protein of unknown function (DUF4011)	NO_PFAM	466	120	121	233	994	761.7596566523605	900	900	0	773	96	510	166	900	10	775	274	0	0	667	4	904	144	0	0	928	8	0	0	607	6	0	0	269	14	17.53791034886238	PF13195 || NO_PFAM	0.8721054262801861	1122997	1122997.GCA_000425285_02444	1122997.GCA_000425285_02445	PF13086;PF13087;PF13195;PF18731;PF18741	994	897	897	773	0	897	774	0	0	0	0	0	0	0	0	0	neighborhood;fusion;cooccurence	1122997.GCA_000425285_02444 || 1122997.GCA_000425285_02445	True	False
PF11843	DUF3363 - Protein of unknown function (DUF3363)	NO_PFAM	2230	124	223	585	987	779.8565022421525	773	775	0	773	372	298	1858	756	24	775	2198	0	0	66	36	583	8	0	0	327	2	0	0	0	0	0	0	203	70	18.914832669037136	PF11843 || NO_PFAM	0.8714757439109779	264203	264203.ZMO1943	264203.ZMO2037	PF11843	987	773	775	773	129	756	775	0	0	0	0	0	0	0	0	0	neighborhood;neighborhood_transferred;fusion;cooccurence	264203.ZMO1943 || 264203.ZMO2037	True	False
PF22322	DUF6973 - Domain of unknown function (DUF6973)	NO_PFAM	194	50	52	97	996	768.7216494845361	838	838	0	773	114	101	46	838	16	775	72	0	0	860	14	118	8	0	0	683	6	0	0	517	4	960	8	120	6	14.812650824012398	PF22322 || NO_PFAM	0.8694871250770161	196627	196627.cg1514	196627.cg4005	PF22322	996	741	741	741	0	0	0	0	766	0	0	0	0	0	951	0	neighborhood;coexpression;textmining	196627.cg1514 || 196627.cg4005	True	False
PF04285	DUF444 - Protein of unknown function (DUF444)	NO_PFAM	72	23	23	36	992	867.7222222222222	900	900	0	773	42	320	40	900	2	775	44	0	0	409	14	935	42	0	0	0	0	0	0	0	0	845	2	241	38	12.446567101844284	PF04285 || NO_PFAM	0.8662541425542168	76947	76947.GCA_002080435_03427	76947.GCA_002080435_03428	PF04285	992	773	774	773	106	0	774	0	0	846	0	0	0	0	0	136	neighborhood;neighborhood_transferred;cooccurence;coexpression_transferred;textmining_transferred	76947.GCA_002080435_03427 || 76947.GCA_002080435_03428	True	False
PF02641	DUF190 - Uncharacterized ACR, COG1993	NO_PFAM	248	49	54	118	999	771.7983870967741	773	981	0	773	104	981	190	504	4	759	42	0	0	0	0	72	2	0	0	0	0	0	0	0	0	733	4	445	14	15.095498907321	PF02641 || NO_PFAM	0.8659261763301123	1894	1894.ADK78_28125	1894.ADK78_28120	PF02641	999	773	978	773	978	0	683	0	0	0	0	0	0	0	0	445	neighborhood;neighborhood_transferred;cooccurence;textmining_transferred	1894.ADK78_28120 || 1894.ADK78_28125	True	False
PF10611	DUF2469 - Protein of unknown function (DUF2469)	NO_PFAM	368	36	36	184	992	778.5869565217391	773	981	0	773	102	981	180	0	0	774	194	0	0	0	0	102	2	0	0	0	0	0	0	0	0	0	0	0	0	14.886632469328974	PF10611 || NO_PFAM	0.865915166573311	1894	1894.ADK78_15425	1894.ADK78_15430	PF10611	992	651	979	651	979	0	0	0	0	0	0	0	0	0	0	0	neighborhood;neighborhood_transferred	1894.ADK78_15425 || 1894.ADK78_15430	True	False
PF12375	DUF3653 - Phage protein	NO_PFAM	32	5	6	10	976	789.25	900	900	0	773	28	77	2	900	2	774	2	0	0	0	0	0	0	0	0	813	2	0	0	0	0	0	0	96	2	8.880026499922591	PF12375 || NO_PFAM	0.864797086331863	265072	265072.Mfla_0818	265072.Mfla_0977	PF07715;PF12375	976	900	900	0	0	900	774	0	0	0	0	0	0	0	0	0	fusion;cooccurence	265072.Mfla_0818 || 265072.Mfla_0977	True	False
PF10105	DUF2344 - Uncharacterized protein conserved in bacteria (DUF2344)	NO_PFAM	380	69	69	190	996	787.9631578947368	899	981	0	773	152	981	356	899	4	775	32	0	0	0	0	714	14	0	0	363	2	0	0	732	10	0	0	103	8	16.319789859225423	PF10105 || NO_PFAM	0.8630556280522451	2044587	2044587.C824_02272	2044587.C824_02273	PF10105	996	899	899	773	299	899	775	0	0	126	0	0	0	0	0	0	neighborhood;neighborhood_transferred;fusion;cooccurence;coexpression_transferred	2044587.C824_02272 || 2044587.C824_02273	True	False
PF07793	DUF1631 - Protein of unknown function (DUF1631)	NO_PFAM	878	132	208	364	980	748.6150341685649	773	773	0	773	46	298	220	0	0	773	788	644	20	0	0	664	178	0	0	684	90	0	0	763	80	839	6	434	84	18.105483154128684	PF07793 || NO_PFAM	0.8630041063379569	1123392	1123392.GCA_000376425_01662	1123392.GCA_000376425_00217	PF00563;PF00990;PF07793	980	0	720	0	214	0	720	0	0	65	0	684	0	676	0	236	neighborhood_transferred;cooccurence;coexpression_transferred;experiments_transferred;database_transferred;textmining_transferred	1123392.GCA_000376425_00217 || 1123392.GCA_000376425_01662	True	False
PF11343	DUF3145 - Protein of unknown function (DUF3145)	NO_PFAM	174	37	37	87	991	760.528735632184	773	981	0	773	18	981	80	0	0	767	94	0	0	42	2	56	4	0	0	0	0	0	0	0	0	0	0	216	4	14.193958293376284	PF11343 || NO_PFAM	0.8577564329331158	1894	1894.ADK78_27140	1894.ADK78_27145	PF11343	991	603	980	603	980	0	0	0	0	0	0	0	0	0	0	0	neighborhood;neighborhood_transferred	1894.ADK78_27140 || 1894.ADK78_27145	True	False
PF13773	DUF4170 - Domain of unknown function (DUF4170)	NO_PFAM	128	33	33	64	968	755.640625	864	864	0	773	76	546	76	864	2	767	54	0	0	49	4	130	8	0	0	704	10	0	0	0	0	0	0	62	2	13.640533453593996	PF13773 || NO_PFAM	0.8543467442918051	258594	258594.RPA1157	258594.RPA1156	PF13773	968	864	864	648	313	864	152	0	45	0	0	0	0	0	0	0	neighborhood;neighborhood_transferred;fusion;cooccurence;coexpression	258594.RPA1156 || 258594.RPA1157	True	False
PF23988	DUF7309 - Domain of unknown function (DUF7309)	NO_PFAM	210	29	29	105	994	737.6952380952381	899	899	0	773	12	131	14	899	2	774	194	0	0	0	0	75	8	0	0	799	10	0	0	671	6	0	0	214	22	13.952252896800378	PF23988 || NO_PFAM	0.8539022415210489	1479485	1479485.DA73_0244205	1479485.DA73_0244705	PF22007;PF23988	936	0	131	0	131	0	0	0	0	60	0	799	0	582	0	214	neighborhood_transferred;coexpression_transferred;experiments_transferred;database_transferred;textmining_transferred	1479485.DA73_0244205 || 1479485.DA73_0244705	True	False
PF19197	DUF5872 - Family of unknown function (DUF5872)	NO_PFAM	12	6	6	6	971	806.6666666666666	899	899	0	773	10	137	8	899	2	698	4	0	0	0	0	0	0	0	0	0	0	0	0	0	0	0	0	0	0	8.254769655572163	PF19197 || NO_PFAM	0.8529597278896419	481446	481446.NIT7645_00454	481446.NIT7645_00453	PF07498;PF19197	971	899	899	727	0	899	0	0	0	0	0	0	0	0	0	0	neighborhood;fusion	481446.NIT7645_00453 || 481446.NIT7645_00454	True	False
PF25371	DUF7884 - Domain of unknown function (DUF7884)	NO_PFAM	18	9	9	9	991	790.7777777777778	900	900	0	773	10	439	8	900	4	774	4	0	0	0	0	66	4	0	0	0	0	0	0	644	4	0	0	579	8	9.349609165154533	PF25371 || NO_PFAM	0.8520917728471891	1192868	1192868.GCA_000304395_00858	1192868.GCA_000304395_00857	PF02353;PF25371	991	900	900	664	0	900	774	0	0	0	0	0	0	0	0	0	neighborhood;fusion;cooccurence	1192868.GCA_000304395_00857 || 1192868.GCA_000304395_00858	True	False
PF07394	DUF1501 - Protein of unknown function (DUF1501)	NO_PFAM	1226	119	353	380	976	771.1729200652528	878	878	0	773	356	444	438	878	6	775	1020	0	0	850	14	853	8	0	0	594	2	0	0	561	2	0	0	195	8	18.443310930275004	PF07394 || NO_PFAM	0.8507578859639765	258594	258594.RPA3596	258594.RPA3597	PF07394	976	773	775	773	154	518	775	0	56	0	0	0	0	0	0	0	neighborhood;neighborhood_transferred;fusion;cooccurence;coexpression	258594.RPA3596 || 258594.RPA3597	True	False
PF23357	DUF7088 - Domain of unknown function (DUF7088)	NO_PFAM	296	103	105	148	996	791.581081081081	900	900	0	773	146	538	158	900	18	775	146	0	0	0	0	726	78	0	0	842	50	0	0	482	24	0	0	461	92	16.782513937085444	PF23357 || NO_PFAM	0.8505880337370785	49280	49280.A9996_02310	49280.A9996_02320	PF09822;PF23357	996	900	900	773	136	900	772	0	0	108	0	0	0	0	0	273	neighborhood;neighborhood_transferred;fusion;cooccurence;coexpression_transferred;textmining_transferred	49280.A9996_02310 || 49280.A9996_02320	True	False
PF19599	DUF6104 - Family of unknown function (DUF6104)	NO_PFAM	94	20	20	47	986	791.0	773	981	0	773	48	981	82	0	0	745	10	0	0	0	0	0	0	0	0	0	0	0	0	0	0	0	0	0	0	12.396921767047386	PF19599 || NO_PFAM	0.8495436257220458	1894	1894.ADK78_04285	1894.ADK78_04305	PF19599	986	330	980	330	980	0	0	0	0	0	0	0	0	0	0	0	neighborhood;neighborhood_transferred	1894.ADK78_04285 || 1894.ADK78_04305	True	False
PF04417	DUF501 - Protein of unknown function (DUF501)	NO_PFAM	256	37	37	128	999	801.2890625	900	981	0	773	64	981	200	900	2	762	62	0	0	0	0	566	22	0	0	689	18	0	0	680	20	0	0	688	22	14.70524840434799	PF04417 || NO_PFAM	0.8484848040692732	1894	1894.ADK78_18585	1894.ADK78_18590	PF04417	999	900	978	773	978	900	0	0	0	566	0	0	0	680	0	0	neighborhood;neighborhood_transferred;fusion;coexpression_transferred;database_transferred	1894.ADK78_18585 || 1894.ADK78_18590	True	False
PF11893	DUF3413 - Domain of unknown function (DUF3413)	NO_PFAM	128	30	30	64	967	755.1875	862	862	0	773	24	601	12	862	2	767	106	0	0	0	0	0	0	0	0	838	10	0	0	0	0	0	0	172	16	13.451786813331964	PF11893 || NO_PFAM	0.848393491909225	29486	29486.UGYR_04280	29486.UGYR_04275	PF00884;PF11893	967	862	862	773	0	862	0	0	0	0	0	0	0	0	0	0	neighborhood;fusion	29486.UGYR_04275 || 29486.UGYR_04280	True	False
PF25211	DUF7839 - Domain of unknown function (DUF7839)	NO_PFAM	6	3	3	3	947	809.0	773	773	0	773	2	118	2	0	0	707	4	625	2	0	0	109	2	0	0	855	2	0	0	516	2	0	0	120	2	6.2644988712950935	PF25211 || NO_PFAM	0.8470563523109954	1839936	1839936.SBU_001517	1839936.SBU_001169	PF00005;PF25211	947	0	119	0	118	0	119	625	0	109	0	855	0	516	0	120	neighborhood_transferred;cooccurence;homology;coexpression_transferred;experiments_transferred;database_transferred;textmining_transferred	1839936.SBU_001169 || 1839936.SBU_001517	True	False
PF07103	DUF1365 - Protein of unknown function (DUF1365)	NO_PFAM	154	61	61	77	994	800.6883116883117	839	839	0	773	110	593	126	839	12	774	84	0	0	47	4	867	44	0	0	669	18	0	0	596	14	0	0	182	36	14.975693887009433	PF07103 || NO_PFAM	0.8457553580659053	169765	169765.AWC15_15410	169765.AWC15_15405	PF07103	994	839	839	773	479	839	747	0	0	98	0	0	0	0	0	46	neighborhood;neighborhood_transferred;fusion;cooccurence;coexpression_transferred;textmining_transferred	169765.AWC15_15405 || 169765.AWC15_15410	True	False
PF13709	DUF4159 - Domain of unknown function (DUF4159)	NO_PFAM	2484	495	555	1198	994	837.0958132045089	900	900	0	773	992	527	1986	900	2	775	2098	0	0	121	8	651	150	0	0	932	304	0	0	649	300	0	0	385	324	22.031179791980584	PF13709 || NO_PFAM	0.8445048878942826	376733	376733.SAMN04487972_10183	376733.SAMN04487972_10182	PF13709	994	900	900	773	68	900	774	0	0	0	0	0	0	0	0	0	neighborhood;neighborhood_transferred;fusion;cooccurence	376733.SAMN04487972_10182 || 376733.SAMN04487972_10183	True	False
PF11238	DUF3039 - Protein of unknown function (DUF3039)	NO_PFAM	370	83	84	185	981	776.4432432432433	773	981	0	773	122	981	242	0	0	773	162	0	0	0	0	0	0	0	0	0	0	0	0	0	0	0	0	0	0	16.531835660294064	PF11238 || NO_PFAM	0.843943046151429	1894	1894.ADK78_36855	1894.ADK78_36875	PF11238	981	0	981	0	981	0	0	0	0	0	0	0	0	0	0	0	neighborhood_transferred	1894.ADK78_36855 || 1894.ADK78_36875	True	False
PF10035	DUF2179 - Uncharacterized protein conserved in bacteria (DUF2179)	NO_PFAM	326	125	135	156	993	763.5766871165645	900	900	0	773	250	662	192	900	10	774	64	0	0	570	2	321	34	0	0	208	2	0	0	798	6	914	14	199	6	17.262523984800207	PF10035 || NO_PFAM	0.8436410255078094	1291764	1291764.GCA_001311235_00702	1291764.GCA_001311235_00703	PF02588;PF10035	993	900	900	773	0	900	743	0	0	0	0	0	0	0	0	0	neighborhood;fusion;cooccurence	1291764.GCA_001311235_00702 || 1291764.GCA_001311235_00703	True	False
PF04015	DUF362 - Domain of unknown function (DUF362) 	NO_PFAM	634	103	141	293	999	780.3312302839116	890	951	0	773	126	951	260	890	4	775	244	0	0	921	6	819	258	0	0	895	214	0	0	945	222	844	4	385	222	17.58340679717544	PF04015 || NO_PFAM	0.8432913834986753	1122184	1122184.SAMN02745176_03191	1122184.SAMN02745176_02658	PF04015;PF13237	999	0	951	0	951	0	0	0	0	424	0	802	0	842	0	378	neighborhood_transferred;coexpression_transferred;experiments_transferred;database_transferred;textmining_transferred	1122184.SAMN02745176_02658 || 1122184.SAMN02745176_03191	True	False
PF07136	DUF1385 - Protein of unknown function (DUF1385)	NO_PFAM	214	98	99	107	998	800.8878504672897	773	773	0	773	206	488	190	139	2	770	20	0	0	221	2	928	100	0	0	858	2	0	0	0	0	0	0	270	6	16.106877728396842	PF07136 || NO_PFAM	0.8431796308968292	1351755	1351755.CCH01_23220	1351755.CCH01_23210	PF05175;PF07136;PF17827	998	588	588	588	446	0	383	0	0	928	0	858	0	0	0	270	neighborhood;neighborhood_transferred;cooccurence;coexpression_transferred;experiments_transferred;textmining_transferred	1351755.CCH01_23210 || 1351755.CCH01_23220	True	False
PF09291	DUF1968 - Domain of unknown function (DUF1968)	PF00129;PF06623;PF07654	114	16	16	57	969	828.6666666666666	900	0	8	0	0	0	0	0	0	0	0	0	0	0	0	0	0	900	8	954	114	0	0	477	114	0	0	0	0	12.409971105143793	PF09291 || PF00129;PF06623;PF07654	0.8430574111474967	9598	9598.ENSPTRP00000080482	9598.ENSPTRP00000065181	PF09291	969	900	0	0	0	0	0	0	0	0	900	697	0	65	0	0	experiments;experiments_transferred;database_transferred	9598.ENSPTRP00000065181 || 9598.ENSPTRP00000080482	True	False
PF09291	DUF1968 - Domain of unknown function (DUF1968)	NO_PFAM	136	15	15	68	980	813.2205882352941	900	0	2	0	0	0	0	0	0	0	0	0	0	47	6	844	40	900	2	977	128	900	8	746	130	0	0	94	20	11.914464514641743	PF09291 || NO_PFAM	0.8419333464954397	9555	9555.ENSPANP00000008221	9555.ENSPANP00000029353	PF09291	980	0	0	0	0	0	0	0	0	0	0	977	0	199	0	0	experiments_transferred;database_transferred	9555.ENSPANP00000008221 || 9555.ENSPANP00000029353	True	False
PF14951	DUF4503 - Domain of unknown function (DUF4503)	NO_PFAM	922	50	51	456	999	857.9804772234273	899	899	2	0	0	234	320	899	6	475	4	0	0	42	2	999	680	609	2	979	836	0	0	717	344	889	60	803	808	17.03858664428556	PF14951 || NO_PFAM	0.8413504313609864	60517	60517.A0A0R3WC08	60517.A0A0R3W5G6	PF00181;PF03947;PF14951	999	0	234	0	234	0	0	0	0	999	0	923	0	0	0	698	neighborhood_transferred;coexpression_transferred;experiments_transferred;textmining_transferred	60517.A0A0R3W5G6 || 60517.A0A0R3WC08	True	False
PF12005	DUF3499 - Protein of unknown function (DUF3499)	NO_PFAM	474	199	199	237	988	780.1645569620254	773	981	0	773	108	981	142	0	0	668	76	0	0	798	2	884	322	0	0	0	0	0	0	0	0	0	0	306	8	18.51394953713072	PF12005 || NO_PFAM	0.8406112263639599	1894	1894.ADK78_33470	1894.ADK78_33475	PF12005	988	422	981	422	981	0	0	0	0	0	0	0	0	0	0	0	neighborhood;neighborhood_transferred	1894.ADK78_33470 || 1894.ADK78_33475	True	False
PF11946	DUF3463 - Domain of unknown function (DUF3463)	NO_PFAM	868	36	37	433	998	790.983870967742	900	981	0	773	64	981	846	373	4	775	128	0	0	48	2	404	404	0	0	0	0	900	2	893	242	0	0	563	658	15.87017895055384	PF11946 || NO_PFAM	0.8359489015128005	1894	1894.ADK78_25600	1894.ADK78_25610	PF04055;PF11946	998	773	915	773	915	373	775	0	0	0	0	0	0	0	0	525	neighborhood;neighborhood_transferred;fusion;cooccurence;textmining_transferred	1894.ADK78_25600 || 1894.ADK78_25610	True	False
PF07040	DUF1326 - Protein of unknown function (DUF1326)	NO_PFAM	12	6	6	6	971	789.6666666666666	773	775	0	773	12	162	4	442	2	775	4	0	0	0	0	0	0	0	0	0	0	0	0	0	0	0	0	0	0	8.004769655572163	PF07040 || NO_PFAM	0.8356160122068956	1122125	1122125.GCA_000423185_05420	1122125.GCA_000423185_05421	PF07040	971	762	775	762	162	442	775	0	0	0	0	0	0	0	0	0	neighborhood;neighborhood_transferred;fusion;cooccurence	1122125.GCA_000423185_05420 || 1122125.GCA_000423185_05421	True	False
PF06025	DUF913 - Domain of Unknown Function (DUF913)	NO_PFAM	1922	363	418	800	960	783.2372528616025	900	900	0	0	0	127	14	900	38	531	66	983	106	749	24	762	1246	0	0	939	1574	900	2	721	1534	784	56	752	1630	21.15594948086225	PF06025 || NO_PFAM	0.8348599484534215	205130	205130.ENSMAMP00000008763	205130.ENSMAMP00000011048	PF00632;PF02825;PF06012;PF06025;PF14377;PF22562	956	0	0	0	0	0	0	0	0	166	0	911	0	444	0	72	coexpression_transferred;experiments_transferred;database_transferred;textmining_transferred	205130.ENSMAMP00000008763 || 205130.ENSMAMP00000011048	True	False
PF11832	DUF3352 - Protein of unknown function (DUF3352)	NO_PFAM	536	44	63	258	992	743.8955223880597	871	871	0	773	30	210	60	871	2	774	454	0	0	42	2	63	4	0	0	812	70	0	0	895	48	0	0	239	72	15.641323074049506	PF11832 || NO_PFAM	0.8338641589879505	1641165	1641165.XM38_23670	1641165.XM38_23675	PF11832	992	871	871	773	0	871	774	0	0	0	0	0	0	0	0	0	neighborhood;fusion;cooccurence	1641165.XM38_23670 || 1641165.XM38_23675	True	False
PF16268	DUF4921 - Domain of unknown function (DUF4921)	NO_PFAM	32	14	14	16	994	771.8125	899	899	0	773	26	413	26	899	2	774	8	0	0	0	0	924	6	0	0	452	4	0	0	724	2	0	0	231	8	10.710607963670904	PF16268 || NO_PFAM	0.8330638865712203	35756	35756.GCA_001044155_01373	35756.GCA_001044155_01374	PF16268	994	899	899	773	0	899	774	0	0	0	0	0	0	0	0	0	neighborhood;fusion;cooccurence	35756.GCA_001044155_01373 || 35756.GCA_001044155_01374	True	False
PF16316	DUF4956 - Domain of unknown function (DUF4956)	NO_PFAM	182	63	65	91	975	818.3736263736264	773	775	0	773	156	750	142	599	2	775	84	0	0	81	4	841	30	0	0	415	4	0	0	0	0	0	0	230	12	15.075252319560764	PF16316 || NO_PFAM	0.8330010720972498	2044587	2044587.C824_05581	2044587.C824_05582	PF16316	975	668	775	668	213	0	775	0	0	629	0	0	0	0	0	0	neighborhood;neighborhood_transferred;cooccurence;coexpression_transferred	2044587.C824_05581 || 2044587.C824_05582	True	False
PF11452	DUF3000 - Protein of unknown function (DUF3000)	NO_PFAM	114	40	40	57	974	754.1052631578947	773	773	0	773	38	576	34	0	0	767	84	0	0	744	4	752	14	0	0	0	0	0	0	0	0	0	0	43	2	13.718076261771866	PF11452 || NO_PFAM	0.8317748871429554	83332	83332.Rv2680	83332.Rv2681	PF11452	974	773	773	773	502	0	232	0	744	0	0	0	0	0	0	0	neighborhood;neighborhood_transferred;cooccurence;coexpression	83332.Rv2680 || 83332.Rv2681	True	False
PF09912	DUF2141 - Uncharacterized protein conserved in bacteria (DUF2141)	NO_PFAM	274	78	86	135	958	779.5693430656934	773	773	0	773	160	546	132	702	2	760	184	0	0	69	2	58	6	0	0	0	0	0	0	0	0	0	0	0	0	15.901666802600614	PF09912 || NO_PFAM	0.8317152228674636	1192759	1192759.GCA_000277525_00668	1192759.GCA_000277525_00669	PF09912	958	762	762	762	394	0	737	0	0	0	0	0	0	0	0	0	neighborhood;neighborhood_transferred;cooccurence	1192759.GCA_000277525_00668 || 1192759.GCA_000277525_00669	True	False
PF22942	DUF7025 - Domain of unknown function (DUF7025)	NO_PFAM	6020	258	784	1452	999	770.8813953488373	535	535	0	0	0	136	194	535	2	523	20	894	12	0	0	807	2890	0	0	991	5986	0	0	982	5944	0	0	633	5314	20.886664760863525	PF22942 || NO_PFAM	0.8314047268887691	229533	229533.A0A098D661	229533.I1RKK0	PF00004;PF22942	999	0	0	0	0	0	0	0	0	148	0	991	0	954	0	173	coexpression_transferred;experiments_transferred;database_transferred;textmining_transferred	229533.A0A098D661 || 229533.I1RKK0	True	False
PF11816	DUF3337 - Domain of unknown function (DUF3337)	NO_PFAM	7324	637	701	3291	999	815.5535226652103	900	872	0	0	0	174	72	872	32	443	60	986	94	151	60	913	1600	0	0	990	6514	900	106	988	6964	999	88	955	6206	23.58772500057485	PF11816 || NO_PFAM	0.8308918355697607	9031	9031.ENSGALP00000030646	9031.ENSGALP00000017812	PF00400;PF11816	999	900	0	0	0	0	0	0	46	43	0	965	900	0	999	280	coexpression;coexpression_transferred;experiments_transferred;database;textmining;textmining_transferred	9031.ENSGALP00000017812 || 9031.ENSGALP00000030646	True	False
PF19348	DUF5926 - Family of unknown function (DUF5926)	NO_PFAM	22	11	11	11	980	771.2727272727273	773	774	0	773	14	596	10	649	2	774	10	0	0	0	0	0	0	0	0	0	0	0	0	708	2	0	0	0	0	9.65230751550515	PF19348 || NO_PFAM	0.83082130630631	1724	1724.GCA_001044175_02457	1724.GCA_001044175_02458	PF19348	980	773	774	773	0	649	774	0	0	0	0	0	0	0	0	0	neighborhood;fusion;cooccurence	1724.GCA_001044175_02457 || 1724.GCA_001044175_02458	True	False
PF06012	DUF908 - Domain of Unknown Function (DUF908)	NO_PFAM	1862	358	410	767	960	784.2588614393126	900	900	0	0	0	0	0	900	42	515	62	983	106	749	24	762	1208	0	0	939	1524	900	2	721	1484	784	56	701	1572	21.096588147578142	PF06012 || NO_PFAM	0.8301641007889137	9601	9601.ENSPPYP00000022809	9601.ENSPPYP00000001046	PF00632;PF02825;PF06012;PF06025;PF14377;PF22562	960	0	0	0	0	0	0	0	0	0	0	939	0	0	0	380	experiments_transferred;textmining_transferred	9601.ENSPPYP00000001046 || 9601.ENSPPYP00000022809	True	False
PF16269	DUF4922 - Domain of unknown function (DUF4922)	NO_PFAM	26	9	9	13	992	871.6923076923077	822	822	0	773	20	370	24	822	4	774	18	0	0	0	0	855	4	0	0	0	0	0	0	682	4	0	0	298	4	9.54500705199242	PF16269 || NO_PFAM	0.8298379532554736	1168289	1168289.GCA_000259075_03971	1168289.GCA_000259075_03972	PF16269;PF26216	992	822	822	773	292	822	774	0	0	0	0	0	0	0	0	0	neighborhood;neighborhood_transferred;fusion;cooccurence	1168289.GCA_000259075_03971 || 1168289.GCA_000259075_03972	True	False
PF05128	DUF697 - Domain of unknown function (DUF697) 	NO_PFAM	766	96	142	317	997	779.0391644908616	773	774	0	773	74	538	126	634	4	774	412	0	0	625	2	821	226	0	0	958	300	0	0	890	272	0	0	531	282	17.33890875837402	PF05128 || NO_PFAM	0.829373644947598	214092	214092.YPO2347	214092.YPO2348	PF05128	997	773	773	773	165	0	772	0	625	798	0	0	0	0	0	342	neighborhood;neighborhood_transferred;cooccurence;coexpression;coexpression_transferred;textmining_transferred	214092.YPO2347 || 214092.YPO2348	True	False
PF06166	DUF979 - Protein of unknown function (DUF979)	NO_PFAM	22	11	11	11	987	788.0	773	774	0	773	22	592	14	0	0	774	2	0	0	0	0	657	4	0	0	0	0	0	0	0	0	0	0	0	0	9.65230751550515	PF06166 || NO_PFAM	0.8278038613573196	1351755	1351755.CCH01_07880	1351755.CCH01_07870	PF06166	987	773	774	773	350	0	774	0	0	657	0	0	0	0	0	0	neighborhood;neighborhood_transferred;cooccurence;coexpression_transferred	1351755.CCH01_07870 || 1351755.CCH01_07880	True	False
PF18151	DUF5601 - Domain of unknown function (DUF5601)	NO_PFAM	5220	278	415	1550	999	827.7226053639847	900	900	4	0	0	147	464	900	22	250	4	583	84	151	42	427	1600	292	4	996	4970	800	8	999	4768	908	66	892	4396	22.427586753270333	PF18151 || NO_PFAM	0.8266166917778545	7955	7955.ENSDARP00000016779	7955.ENSDARP00000103673	PF01754;PF02204;PF18151	999	800	0	0	0	0	0	0	68	50	0	992	800	0	0	601	coexpression;coexpression_transferred;experiments_transferred;database;textmining_transferred	7955.ENSDARP00000016779 || 7955.ENSDARP00000103673	True	False
PF17384	DUF150_C - RimP C-terminal SH3 domain	NO_PFAM	2108	486	487	1054	996	797.746679316888	773	773	0	773	508	601	1390	0	0	757	150	0	0	872	42	944	1756	0	0	983	566	0	0	0	0	588	6	450	1442	21.57649742664396	PF17384 || NO_PFAM	0.825142977578898	226900	226900.BC_3815	226900.BC_3814	PF02576;PF17384	996	732	732	732	176	0	0	0	872	880	0	0	0	0	0	67	neighborhood;neighborhood_transferred;coexpression;coexpression_transferred;textmining_transferred	226900.BC_3814 || 226900.BC_3815	True	False
PF24319	DUF7491 - Coiled-coil region of unknown function (DUF7491)	NO_PFAM	2192	198	203	1050	999	796.7299270072992	900	900	0	0	0	0	0	900	12	529	8	694	8	51	6	517	1940	0	0	991	2180	540	4	810	2096	265	2	642	2178	20.07963539786687	PF24319 || NO_PFAM	0.8249802797932428	227321	227321.Q5B424	227321.C8VUD8	PF00063;PF02736;PF24319	999	540	0	0	0	0	0	0	0	210	0	988	540	661	0	579	coexpression_transferred;experiments_transferred;database;database_transferred;textmining_transferred	227321.C8VUD8 || 227321.Q5B424	True	False
PF12029	DUF3516 - Domain of unknown function (DUF3516)	NO_PFAM	168	13	13	84	989	802.9642857142857	773	980	0	773	26	980	152	0	0	708	16	0	0	0	0	176	4	0	0	0	0	0	0	0	0	0	0	443	4	12.16101337415359	PF12029 || NO_PFAM	0.8235471140788764	1894	1894.ADK78_24385	1894.ADK78_24380	PF00270;PF00271;PF12029	989	511	980	511	980	0	0	0	0	0	0	0	0	0	0	0	neighborhood;neighborhood_transferred	1894.ADK78_24380 || 1894.ADK78_24385	True	False
PF11748	DUF3306 - Protein of unknown function (DUF3306)	NO_PFAM	218	69	69	109	987	848.9082568807339	773	775	0	773	134	492	126	0	0	775	196	0	0	0	0	751	2	0	0	0	0	0	0	0	0	0	0	0	0	15.43406221391522	PF11748 || NO_PFAM	0.8222080761162588	224911	224911.AAV28_24825	224911.AAV28_24830	PF11748	987	773	773	773	154	0	772	0	0	751	0	0	0	0	0	0	neighborhood;neighborhood_transferred;cooccurence;coexpression_transferred	224911.AAV28_24825 || 224911.AAV28_24830	True	False
PF11844	DUF3364 - Domain of unknown function (DUF3364)	NO_PFAM	164	30	30	82	999	849.0731707317074	900	812	0	773	62	512	116	812	14	775	114	0	0	121	6	883	102	0	0	982	24	900	26	715	22	673	20	433	116	13.685919882870872	PF11844 || NO_PFAM	0.8219760078738823	189425	189425.PGRAT_26420	189425.PGRAT_26425	PF00148;PF11844	999	900	774	773	330	56	774	0	0	274	0	773	900	0	0	364	neighborhood;neighborhood_transferred;fusion;cooccurence;coexpression_transferred;experiments_transferred;database;textmining_transferred	189425.PGRAT_26420 || 189425.PGRAT_26425	True	False
PF04842	DUF639 - Plant protein of unknown function (DUF639)	NO_PFAM	3520	41	66	599	972	818.5011363636364	899	899	0	0	0	219	2760	899	12	461	118	951	2	0	0	746	3308	0	0	850	3048	0	0	857	1122	0	0	404	2346	17.43983955572179	PF04842 || NO_PFAM	0.8203091841589978	4565	4565.A0A3B6QFR4	4565.W5ASA4	PF04842	972	0	168	0	168	0	0	0	0	691	0	759	0	550	0	152	neighborhood_transferred;coexpression_transferred;experiments_transferred;database_transferred;textmining_transferred	4565.A0A3B6QFR4 || 4565.W5ASA4	True	False
PF23069	DUF7042 - Domain of unknown function (DUF7042)	NO_PFAM	508	63	96	230	992	790.2559055118111	251	509	0	0	0	308	134	251	2	509	20	831	2	750	2	954	238	0	0	920	404	0	0	834	440	0	0	720	452	15.310214183269863	PF23069 || NO_PFAM	0.8200900651567122	66420	66420.A0A194Q3X9	66420.I4DKZ2	PF23069;PF23070	979	0	0	0	0	0	0	0	0	73	0	920	0	608	0	377	coexpression_transferred;experiments_transferred;database_transferred;textmining_transferred	66420.A0A194Q3X9 || 66420.I4DKZ2	True	False
PF04037	DUF382 - Domain of unknown function (DUF382) 	PF12874	748	224	277	288	999	878.663101604278	800	0	2	0	0	0	0	0	0	0	0	0	0	66	2	177	562	800	2	999	748	540	2	660	34	356	2	692	544	18.800245932260115	PF04037 || PF12874	0.8191354727817033	9598	9598.ENSPTRP00000069263	9598.ENSPTRP00000017387	PF02037;PF04037;PF04046	999	540	0	0	0	0	0	0	0	119	0	997	540	454	0	692	coexpression_transferred;experiments_transferred;database;database_transferred;textmining_transferred	9598.ENSPTRP00000017387 || 9598.ENSPTRP00000069263	True	False
PF08922	DUF1905 - Domain of unknown function (DUF1905)	NO_PFAM	94	42	43	47	969	759.4893617021277	899	899	0	773	86	571	18	899	2	750	16	0	0	0	0	0	0	0	0	0	0	0	0	679	2	0	0	0	0	13.874277122987667	PF08922 || NO_PFAM	0.8188003062743486	2044587	2044587.C824_02704	2044587.C824_02705	PF08922	969	899	899	581	92	899	287	0	0	0	0	0	0	0	0	0	neighborhood;neighborhood_transferred;fusion;cooccurence	2044587.C824_02704 || 2044587.C824_02705	True	False
PF10048	DUF2282 - Predicted integral membrane protein (DUF2282)	NO_PFAM	290	102	107	141	985	830.6206896551724	773	774	0	773	118	512	138	0	0	774	140	0	0	940	16	943	232	0	0	0	0	0	0	0	0	732	2	250	82	16.489781243630766	PF10048 || NO_PFAM	0.81841683649568	1481914	1481914.JCM19241_75	1481914.JCM19241_74	PF10048	985	576	764	576	148	0	764	0	0	822	0	0	0	0	0	189	neighborhood;neighborhood_transferred;cooccurence;coexpression_transferred;textmining_transferred	1481914.JCM19241_74 || 1481914.JCM19241_75	True	False
PF06149	DUF969 - Protein of unknown function (DUF969)	NO_PFAM	42	14	14	21	983	819.9047619047619	773	775	0	773	40	592	32	0	0	775	12	0	0	0	0	700	12	0	0	0	0	0	0	0	0	0	0	0	0	10.725300517897985	PF06149 || NO_PFAM	0.8158241279490398	410072	410072.ERS852525_01957	410072.ERS852525_01956	PF06149	983	746	775	746	157	0	775	0	0	700	0	0	0	0	0	0	neighborhood;neighborhood_transferred;cooccurence;coexpression_transferred	410072.ERS852525_01956 || 410072.ERS852525_01957	True	False
PF13937	DUF4212 - Domain of unknown function (DUF4212)	NO_PFAM	420	195	195	210	975	860.7476190476191	773	775	0	773	394	575	414	0	0	775	326	0	0	52	2	186	12	0	0	0	0	0	0	0	0	0	0	0	0	18.146862152143413	PF13937 || NO_PFAM	0.8157168521376105	43658	43658.AT705_09430	43658.AT705_09425	PF13937	975	762	774	762	575	0	774	0	0	0	0	0	0	0	0	0	neighborhood;neighborhood_transferred;cooccurence	43658.AT705_09425 || 43658.AT705_09430	True	False
PF06947	DUF1290 - Protein of unknown function (DUF1290)	NO_PFAM	256	28	28	128	999	845.1484375	773	981	0	773	118	981	246	0	0	775	108	0	0	262	4	758	102	0	0	0	0	0	0	0	0	803	4	533	86	14.037667744868168	PF06947 || NO_PFAM	0.8156249177320216	1894	1894.ADK78_02945	1894.ADK78_02940	PF06947	999	773	978	773	978	0	775	0	0	705	0	0	0	0	0	275	neighborhood;neighborhood_transferred;cooccurence;coexpression_transferred;textmining_transferred	1894.ADK78_02940 || 1894.ADK78_02945	True	False
PF06693	DUF1190 - Protein of unknown function (DUF1190)	NO_PFAM	38	8	8	19	977	844.6842105263158	773	774	0	773	20	572	24	0	0	774	36	0	0	65	4	178	28	0	0	0	0	0	0	0	0	0	0	173	14	9.605010800802084	PF06693 || NO_PFAM	0.8138681190146655	151081	151081.TW72_11200	151081.TW72_11205	PF06693	977	773	773	773	533	0	772	0	0	161	0	0	0	0	0	73	neighborhood;neighborhood_transferred;cooccurence;coexpression_transferred;textmining_transferred	151081.TW72_11200 || 151081.TW72_11205	True	False
PF19364	DUF5940 - Family of unknown function (DUF5940)	NO_PFAM	378	70	74	174	995	843.1428571428571	900	900	0	773	186	370	372	900	12	775	368	0	0	97	2	690	20	0	0	0	0	0	0	916	16	354	2	413	226	16.262895959165057	PF19364 || NO_PFAM	0.8136062403996717	1121324	1121324.CLIT_23c00040	1121324.CLIT_23c00050	PF08545;PF19364	995	786	786	757	115	786	775	0	0	567	0	0	0	0	0	183	neighborhood;neighborhood_transferred;fusion;cooccurence;coexpression_transferred;textmining_transferred	1121324.CLIT_23c00040 || 1121324.CLIT_23c00050	True	False
PF13834	DUF4193 - Domain of unknown function (DUF4193)	NO_PFAM	762	145	151	371	990	770.1574803149606	773	981	0	773	212	981	294	0	0	775	538	0	0	55	2	0	0	0	0	0	0	0	0	726	4	0	0	44	2	18.35847127470113	PF13834 || NO_PFAM	0.811669732809353	1894	1894.ADK78_31350	1894.ADK78_31345	PF13834	990	524	980	524	980	0	0	0	0	0	0	0	0	0	0	0	neighborhood;neighborhood_transferred	1894.ADK78_31345 || 1894.ADK78_31350	True	False
PF06073	DUF934 - Bacterial protein of unknown function (DUF934)	NO_PFAM	146	54	58	69	996	813.4931506849315	900	774	0	773	80	469	122	436	4	774	70	0	0	864	4	846	50	0	0	523	2	900	4	803	62	883	4	546	60	14.679098957243678	PF06073 || NO_PFAM	0.8111130436488247	1789004	1789004.FEMY_15990	1789004.FEMY_16000	PF06073	996	773	773	773	179	0	773	0	0	752	0	0	0	684	0	166	neighborhood;neighborhood_transferred;cooccurence;coexpression_transferred;database_transferred;textmining_transferred	1789004.FEMY_15990 || 1789004.FEMY_16000	True	False
PF04341	DUF485 - Protein of unknown function, DUF485	NO_PFAM	188	60	71	82	997	827.8617021276596	773	774	0	773	120	591	158	235	2	774	72	0	0	48	2	942	90	0	0	0	0	0	0	0	0	798	6	316	78	15.010494743406266	PF04341 || NO_PFAM	0.8103438811992657	1545044	1545044.SAMN05444276_10374	1545044.SAMN05444276_10375	PF04341	997	773	774	773	173	0	774	0	0	926	0	0	0	0	0	253	neighborhood;neighborhood_transferred;cooccurence;coexpression_transferred;textmining_transferred	1545044.SAMN05444276_10374 || 1545044.SAMN05444276_10375	True	False
PF14134	DUF4301 - Domain of unknown function (DUF4301)	NO_PFAM	58	25	25	29	980	785.2068965517242	900	900	0	773	44	316	26	900	2	756	10	0	0	0	0	592	6	0	0	0	0	0	0	729	10	0	0	179	4	12.393730519948685	PF14134 || NO_PFAM	0.8094594297909024	49280	49280.A9996_15740	49280.A9996_15745	PF14134	980	900	900	773	210	900	0	0	0	0	0	0	0	0	0	0	neighborhood;neighborhood_transferred;fusion	49280.A9996_15740 || 49280.A9996_15745	True	False
PF20668	DUF6815 - Domain of unknown function (DUF6815)	NO_PFAM	108	26	26	54	948	742.074074074074	899	899	0	773	8	79	10	899	4	770	100	0	0	0	0	46	2	0	0	0	0	0	0	0	0	0	0	0	0	13.081021614237802	PF20668 || NO_PFAM	0.8085345086536792	877500	877500.GCA_000935065_01647	877500.GCA_000935065_01648	PF20668	948	899	899	506	0	899	0	0	0	0	0	0	0	0	0	0	neighborhood;fusion	877500.GCA_000935065_01647 || 877500.GCA_000935065_01648	True	False
PF10240	DUF2464 - Multivesicular body subunit 12	NO_PFAM	1592	129	175	613	996	857.2575376884422	900	900	0	0	0	135	38	900	8	355	8	942	50	144	26	733	554	0	0	966	966	900	698	904	1434	955	118	852	1572	18.90844321082121	PF10240 || NO_PFAM	0.8083661006300706	9796	9796.ENSECAP00000036581	9796.ENSECAP00000004985	PF10240	996	540	0	0	0	0	0	0	0	77	0	774	540	577	869	463	coexpression_transferred;experiments_transferred;database;database_transferred;textmining;textmining_transferred	9796.ENSECAP00000004985 || 9796.ENSECAP00000036581	True	False
PF10936	DUF2617 - Protein of unknown function DUF2617	NO_PFAM	168	48	49	82	971	758.4642857142857	773	774	0	773	66	601	54	0	0	774	130	0	0	50	6	99	2	0	0	0	0	0	0	0	0	0	0	0	0	14.460539311144329	PF10936 || NO_PFAM	0.8081284483432445	44010	44010.AWC00_15975	44010.AWC00_15980	PF10936	971	773	773	773	463	0	769	0	0	99	0	0	0	0	0	0	neighborhood;neighborhood_transferred;cooccurence;coexpression_transferred	44010.AWC00_15975 || 44010.AWC00_15980	True	False
PF09674	DUF2400 - Protein of unknown function (DUF2400)	NO_PFAM	94	44	44	47	976	783.5957446808511	900	900	0	773	74	404	72	900	2	774	2	0	0	0	0	64	18	0	0	456	20	0	0	866	18	0	0	149	18	13.967201871141182	PF09674 || NO_PFAM	0.8076940142346563	1123037	1123037.GCA_000425305_01302	1123037.GCA_000425305_01284	PF09674	976	900	900	0	0	900	774	0	0	0	0	0	0	0	0	0	fusion;cooccurence	1123037.GCA_000425305_01284 || 1123037.GCA_000425305_01302	True	False
PF12345	DUF3641 - Protein of unknown function (DUF3641) 	NO_PFAM	130	37	42	56	984	794.8	773	774	0	773	88	234	110	728	4	774	74	0	0	0	0	84	18	0	0	0	0	0	0	778	30	0	0	502	28	13.69736964265392	PF12345 || NO_PFAM	0.8071383879798125	32024	32024.GCA_000788295_00520	32024.GCA_000788295_00521	PF04055;PF12345;PF13353	984	773	774	773	42	728	774	0	0	0	0	0	0	0	0	0	neighborhood;neighborhood_transferred;fusion;cooccurence	32024.GCA_000788295_00520 || 32024.GCA_000788295_00521	True	False
PF18935	DUF5683 - Family of unknown function (DUF5683)	NO_PFAM	232	67	67	116	995	741.1896551724138	773	774	0	773	34	287	30	52	4	774	210	0	0	0	0	567	14	0	0	716	8	0	0	351	4	0	0	115	8	15.437053863917914	PF18935 || NO_PFAM	0.803779531326896	1123307	1123307.GCA_000380065_01155	1123307.GCA_000380065_01154	PF00528;PF18935	995	773	773	773	84	0	772	0	0	567	0	716	0	351	0	115	neighborhood;neighborhood_transferred;cooccurence;coexpression_transferred;experiments_transferred;database_transferred;textmining_transferred	1123307.GCA_000380065_01154 || 1123307.GCA_000380065_01155	True	False
PF08331	QueG_DUF1730 - Epoxyqueuosine reductase QueG, DUF1730	NO_PFAM	254	105	105	127	992	792.0157480314961	899	899	0	773	168	636	174	899	12	770	32	0	0	212	6	54	4	0	0	0	0	500	10	949	46	891	12	816	66	16.66614173338256	PF08331 || NO_PFAM	0.8037761873404523	1291764	1291764.GCA_001311235_01174	1291764.GCA_001311235_01175	PF08331;PF13484	992	899	899	701	0	899	770	0	0	0	0	0	0	0	0	0	neighborhood;fusion;cooccurence	1291764.GCA_001311235_01174 || 1291764.GCA_001311235_01175	True	False
PF19299	DUF5914 - Domain of unknown function (DUF5914)	NO_PFAM	34	12	12	17	987	842.7058823529412	773	774	0	773	16	463	28	615	4	774	18	0	0	0	0	420	12	0	0	720	4	0	0	744	18	0	0	221	30	10.232246776412488	PF19299 || NO_PFAM	0.8036663282341987	110505	110505.ACT16_00750	110505.ACT16_00755	PF00355;PF19299	987	773	774	773	420	615	774	0	0	0	0	0	0	0	0	64	neighborhood;neighborhood_transferred;fusion;cooccurence;textmining_transferred	110505.ACT16_00750 || 110505.ACT16_00755	True	False
PF19807	DUF6290 - Family of unknown function (DUF6290)	NO_PFAM	28	13	13	14	991	811.5	773	775	0	773	20	198	20	0	0	775	6	0	0	0	0	0	0	0	0	974	4	0	0	0	0	0	0	735	6	10.19341048921699	PF19807 || NO_PFAM	0.8032961291075662	50429	50429.A0A2B4R489	50429.A0A2B4RC17	PF00436;PF03796;PF19807	991	0	102	0	102	0	0	0	0	0	0	974	0	0	0	678	neighborhood_transferred;experiments_transferred;textmining_transferred	50429.A0A2B4R489 || 50429.A0A2B4RC17	True	False
PF12501	DUF3708 - Phosphate ATP-binding cassette transporter	NO_PFAM	106	31	32	52	999	836.6981132075472	800	774	0	762	22	546	104	346	6	774	12	0	0	0	0	910	92	0	0	0	0	800	2	921	74	0	0	421	92	13.17830064006136	PF12501 || NO_PFAM	0.8029601051669257	1192759	1192759.GCA_000277525_00691	1192759.GCA_000277525_00693	PF00528;PF12501	999	494	773	494	402	0	773	0	0	910	0	0	0	921	0	272	neighborhood;neighborhood_transferred;cooccurence;coexpression_transferred;database_transferred;textmining_transferred	1192759.GCA_000277525_00691 || 1192759.GCA_000277525_00693	True	False
PF11736	DUF3299 - Protein of unknown function (DUF3299)	NO_PFAM	100	33	36	49	974	792.02	773	774	0	773	88	535	60	0	0	774	38	0	0	0	0	201	16	0	0	0	0	0	0	0	0	0	0	109	8	13.214841566073584	PF11736 || NO_PFAM	0.8023103753341868	151081	151081.TW72_02690	151081.TW72_02695	PF11736	974	773	774	773	533	0	774	0	0	0	0	0	0	0	0	0	neighborhood;neighborhood_transferred;cooccurence	151081.TW72_02690 || 151081.TW72_02695	True	False
PF11248	DUF3046 - Protein of unknown function (DUF3046)	NO_PFAM	272	67	67	136	990	795.5955882352941	773	981	0	773	122	981	228	0	0	754	36	0	0	257	2	0	0	0	0	0	0	0	0	0	0	870	2	738	6	15.802487205537174	PF11248 || NO_PFAM	0.799331457121566	1894	1894.ADK78_37615	1894.ADK78_37610	PF11248	990	552	980	552	980	0	0	0	0	0	0	0	0	0	0	0	neighborhood;neighborhood_transferred	1894.ADK78_37610 || 1894.ADK78_37615	True	False
PF07043	DUF1328 - Protein of unknown function (DUF1328)	NO_PFAM	572	177	201	266	983	809.5734265734266	773	773	0	773	174	578	490	0	0	762	98	0	0	743	16	964	490	0	0	0	0	0	0	0	0	803	4	132	118	18.26045281729891	PF07043 || NO_PFAM	0.7993109387086994	1122125	1122125.GCA_000423185_06321	1122125.GCA_000423185_04962	PF07043	983	0	474	0	204	0	474	0	0	964	0	0	0	0	0	45	neighborhood_transferred;cooccurence;coexpression_transferred;textmining_transferred	1122125.GCA_000423185_04962 || 1122125.GCA_000423185_06321	True	False
PF13312	DUF4081 - Domain of unknown function (DUF4081)	NO_PFAM	174	38	38	87	991	771.2183908045977	773	981	0	773	28	981	106	0	0	763	80	0	0	0	0	663	18	0	0	0	0	0	0	519	2	0	0	104	16	14.245909266182808	PF13312 || NO_PFAM	0.7972198867780949	1894	1894.ADK78_15125	1894.ADK78_15120	PF00583;PF13312	991	542	980	542	980	0	0	0	0	0	0	0	0	0	0	104	neighborhood;neighborhood_transferred;textmining_transferred	1894.ADK78_15120 || 1894.ADK78_15125	True	False
PF11236	DUF3037 - Protein of unknown function (DUF3037)	NO_PFAM	42	19	19	21	966	770.1904761904761	773	774	0	773	40	605	24	0	0	774	10	0	0	0	0	0	0	0	0	0	0	0	0	0	0	0	0	0	0	11.299664662801543	PF11236 || NO_PFAM	0.7941833277080667	1888	1888.Salbus254_5763	1888.Salbus254_5762	PF11236	966	773	774	773	400	0	774	0	0	0	0	0	0	0	0	0	neighborhood;neighborhood_transferred;cooccurence	1888.Salbus254_5762 || 1888.Salbus254_5763	True	False
PF19367	DUF5943 - Domain of unknown function (DUF5943)	NO_PFAM	122	28	29	60	988	838.7704918032787	773	774	0	773	32	629	96	0	0	774	72	0	0	791	2	909	88	0	0	0	0	0	0	775	34	0	0	292	48	13.093776015345366	PF19367 || NO_PFAM	0.7936624130557878	158627	158627.BW687_14730	158627.BW687_14735	PF19367	988	550	769	550	188	0	769	0	0	854	0	0	0	0	0	235	neighborhood;neighborhood_transferred;cooccurence;coexpression_transferred;textmining_transferred	158627.BW687_14730 || 158627.BW687_14735	True	False
PF20049	DUF6451 - Domain of unknown function (DUF6451)	NO_PFAM	918	8	142	290	998	790.1503267973857	900	900	0	0	0	178	30	900	8	526	6	653	4	0	0	808	258	0	0	952	834	360	6	981	884	0	0	703	768	13.017735277028128	PF20049 || NO_PFAM	0.7909678165755097	48269	48269.A0A183N251	48269.A0A183N2I9	PF00069;PF20049	998	0	0	0	0	0	0	0	0	0	0	913	0	981	0	376	experiments_transferred;database_transferred;textmining_transferred	48269.A0A183N251 || 48269.A0A183N2I9	True	False
PF03994	DUF350 - Domain of Unknown Function (DUF350) 	NO_PFAM	750	232	257	372	965	810.1386666666667	773	775	0	773	654	589	548	0	0	775	320	0	0	80	2	79	36	0	0	199	4	0	0	0	0	0	0	0	0	19.07148255889553	PF03994 || NO_PFAM	0.790026446450164	43657	43657.S4054249_16660	43657.S4054249_16670	PF03994	965	652	743	652	576	0	743	0	0	74	0	161	0	0	0	0	neighborhood;neighborhood_transferred;cooccurence;coexpression_transferred;experiments_transferred	43657.S4054249_16660 || 43657.S4054249_16670	True	False
PF12054	DUF3535 - Domain of unknown function (DUF3535)	NO_PFAM	1374	336	361	632	994	852.1717612809316	900	900	2	0	0	0	0	900	14	523	10	0	0	63	16	821	110	439	2	986	1294	0	0	423	2	783	38	718	1304	21.215681015139445	PF12054 || NO_PFAM	0.7877188219578337	229533	229533.A0A098DTF7	229533.I1RVY0	PF00176;PF00271;PF12054	994	0	0	0	0	0	0	0	0	0	0	986	0	0	0	634	experiments_transferred;textmining_transferred	229533.A0A098DTF7 || 229533.I1RVY0	True	False
PF13785	DUF4178 - Domain of unknown function (DUF4178)	NO_PFAM	490	121	136	228	969	774.804081632653	773	775	0	773	274	569	158	0	0	775	296	0	0	47	2	326	20	0	0	0	0	0	0	0	0	0	0	103	4	17.35248621726103	PF13785 || NO_PFAM	0.7872470670164182	1768	1768.B1T50_26090	1768.B1T50_26085	PF13785	969	773	773	773	394	0	772	0	0	143	0	0	0	0	0	0	neighborhood;neighborhood_transferred;cooccurence;coexpression_transferred	1768.B1T50_26085 || 1768.B1T50_26090	True	False
PF15936	DUF4749 - Domain of unknown function (DUF4749)	NO_PFAM	898	69	155	256	967	740.2449888641426	899	899	2	0	0	0	0	899	6	133	2	803	2	168	18	868	350	292	2	848	832	720	28	821	774	813	42	798	794	17.645579662904392	PF15936 || NO_PFAM	0.7838932084011753	52904	52904.ENSSMAP00000007710	52904.ENSSMAP00000008931	PF00412;PF00595;PF15936	967	0	0	0	0	0	0	0	0	82	0	848	0	648	0	412	coexpression_transferred;experiments_transferred;database_transferred;textmining_transferred	52904.ENSSMAP00000007710 || 52904.ENSSMAP00000008931	True	False
PF11950	DUF3467 - Protein of unknown function (DUF3467)	NO_PFAM	384	87	88	192	998	814.3229166666666	773	773	0	773	102	631	312	0	0	772	78	0	0	680	2	594	124	0	0	966	238	0	0	919	238	0	0	589	244	16.453916963244197	PF11950 || NO_PFAM	0.7830524333109503	221126	221126.SAMN04489722_113100	221126.SAMN04489722_103298	PF11950	998	0	382	0	382	0	0	0	0	105	0	960	0	884	0	526	neighborhood_transferred;coexpression_transferred;experiments_transferred;database_transferred;textmining_transferred	221126.SAMN04489722_103298 || 221126.SAMN04489722_113100	True	False
PF10851	DUF2652 - Protein of unknown function (DUF2652)   	NO_PFAM	54	22	22	27	992	781.8148148148148	867	867	0	773	10	213	22	867	2	757	16	0	0	94	2	70	4	0	0	759	28	0	0	883	32	870	2	305	30	12.012321617090771	PF10851 || NO_PFAM	0.7820772727681556	83332	83332.Rv2562	83332.Rv2561	PF10851	992	867	867	601	0	867	0	0	94	0	0	0	0	0	870	0	neighborhood;fusion;coexpression;textmining	83332.Rv2561 || 83332.Rv2562	True	False
PF07318	DUF1464 - Protein of unknown function (DUF1464)	NO_PFAM	28	7	7	14	999	817.1428571428571	773	773	0	773	22	385	12	0	0	508	6	0	0	0	0	0	0	0	0	999	6	0	0	0	0	0	0	246	4	9.072178913346145	PF07318 || NO_PFAM	0.7819557265550225	273063	273063.STK_02620	273063.STK_22180	PF07318	999	0	0	0	0	0	0	0	0	0	0	999	0	0	0	246	experiments_transferred;textmining_transferred	273063.STK_02620 || 273063.STK_22180	True	False
PF16068	DUF4810 - Domain of unknown function (DUF4810)	NO_PFAM	36	15	15	18	987	841.9444444444445	773	775	0	773	30	370	30	0	0	775	12	0	0	46	2	726	12	0	0	0	0	0	0	0	0	726	2	0	0	10.704095357123787	PF16068 || NO_PFAM	0.7810514314756758	81479	81479.RA876_10175	81479.RA876_10170	PF16068	987	773	774	773	227	0	774	0	0	726	0	0	0	0	0	0	neighborhood;neighborhood_transferred;cooccurence;coexpression_transferred	81479.RA876_10170 || 81479.RA876_10175	True	False
PF07233	DUF1425 - Protein of unknown function (DUF1425)	NO_PFAM	334	79	79	167	974	777.7724550898204	773	774	0	773	134	480	142	0	0	774	252	0	0	66	2	650	14	0	0	0	0	0	0	0	0	0	0	242	20	16.125183801172827	PF07233 || NO_PFAM	0.7803404047061226	580	580.GCA_001266615_00062	580.GCA_001266615_00061	PF07233	974	752	752	752	183	0	738	0	0	536	0	0	0	0	0	109	neighborhood;neighborhood_transferred;cooccurence;coexpression_transferred;textmining_transferred	580.GCA_001266615_00061 || 580.GCA_001266615_00062	True	False
PF14085	DUF4265 - Domain of unknown function (DUF4265)	NO_PFAM	78	18	21	37	956	753.7692307692307	773	773	0	773	22	325	14	0	0	765	36	0	0	871	4	849	24	0	0	0	0	0	0	0	0	0	0	0	0	11.804325810799902	PF14085 || NO_PFAM	0.7801115871494403	35756	35756.GCA_001044155_01043	35756.GCA_001044155_01045	PF14085	956	773	773	773	136	0	0	0	0	795	0	0	0	0	0	0	neighborhood;neighborhood_transferred;coexpression_transferred	35756.GCA_001044155_01043 || 35756.GCA_001044155_01045	True	False
PF10066	DUF2304 - Uncharacterized conserved protein (DUF2304)	NO_PFAM	282	113	114	141	988	833.3049645390071	773	827	0	773	230	827	258	0	0	772	214	0	0	134	2	299	8	0	0	0	0	0	0	569	6	0	0	637	180	16.717843794432227	PF10066 || NO_PFAM	0.7781667831579842	169765	169765.AWC15_13765	169765.AWC15_13760	PF10066	988	773	773	773	479	0	764	0	0	0	0	0	0	0	0	637	neighborhood;neighborhood_transferred;cooccurence;textmining_transferred	169765.AWC15_13760 || 169765.AWC15_13765	True	False
PF04919	DUF655 - Protein of unknown function (DUF655)	NO_PFAM	54	11	11	27	980	824.5185185185185	773	813	0	773	40	813	36	0	0	752	26	0	0	0	0	92	6	0	0	0	0	0	0	0	0	760	4	207	18	10.563146484808472	PF04919 || NO_PFAM	0.7756797439728929	263820	263820.PTO0387	263820.PTO0389	PF04919	980	773	813	773	813	0	500	0	0	86	0	0	0	0	0	132	neighborhood;neighborhood_transferred;cooccurence;coexpression_transferred;textmining_transferred	263820.PTO0387 || 263820.PTO0389	True	False
PF11857	DUF3377 - Domain of unknown function (DUF3377)	NO_PFAM	908	83	244	196	998	836.6453744493392	900	708	0	0	0	0	0	708	2	173	70	986	82	116	28	170	374	0	0	970	722	900	232	943	768	832	72	965	830	17.281978691864104	PF11857 || NO_PFAM	0.7747602604207554	9708	9708.A0A2U3W2G2	9708.A0A2U3ZWY1	PF00045;PF00413;PF01471;PF11857	998	0	0	0	0	0	0	0	0	54	0	970	0	859	0	716	coexpression_transferred;experiments_transferred;database_transferred;textmining_transferred	9708.A0A2U3W2G2 || 9708.A0A2U3ZWY1	True	False
PF09314	DUF1972 - Domain of unknown function (DUF1972)	NO_PFAM	224	77	79	111	994	797.2053571428571	899	899	0	773	190	170	118	899	4	774	82	0	0	103	4	544	68	0	0	923	26	0	0	736	34	752	4	673	50	15.927518055583604	PF09314 || NO_PFAM	0.7747417551123579	1291764	1291764.GCA_001311235_02635	1291764.GCA_001311235_02636	PF09314	994	899	899	773	0	899	774	0	0	0	0	0	0	0	0	0	neighborhood;fusion;cooccurence	1291764.GCA_001311235_02635 || 1291764.GCA_001311235_02636	True	False
PF25952	DUF7990 - Family of unknown function (DUF7990)	NO_PFAM	36	15	16	17	961	836.6111111111111	773	773	0	773	36	462	36	0	0	773	12	0	0	0	0	0	0	0	0	0	0	0	0	0	0	0	0	0	0	10.702095357123786	PF25952 || NO_PFAM	0.7742469798210243	208480	208480.SAMN02910418_00863	208480.SAMN02910418_00864	PF25952	961	773	773	773	317	0	772	0	0	0	0	0	0	0	0	0	neighborhood;neighborhood_transferred;cooccurence	208480.SAMN02910418_00863 || 208480.SAMN02910418_00864	True	False
PF04019	DUF359 - Protein of unknown function (DUF359)	NO_PFAM	24	6	6	12	981	860.8333333333334	900	873	0	773	14	873	18	0	0	710	14	0	0	0	0	753	10	0	0	0	0	900	2	511	2	0	0	92	6	8.883696122978826	PF04019 || NO_PFAM	0.7724415297660966	1604004	1604004.HLASA_1969	1604004.HLASA_1970	PF04019	981	773	867	773	867	0	360	0	0	158	0	0	0	0	0	0	neighborhood;neighborhood_transferred;cooccurence;coexpression_transferred	1604004.HLASA_1969 || 1604004.HLASA_1970	True	False
PF26350	DUF8090 - Domain of unknown function (DUF8090)	NO_PFAM	158	58	59	78	997	825.0	900	900	0	773	32	432	82	900	10	774	24	0	0	0	0	753	26	0	0	875	110	0	0	981	106	830	2	257	32	15.023979090031672	PF26350 || NO_PFAM	0.7705004136063588	877500	877500.GCA_000935065_01381	877500.GCA_000935065_01382	PF00271;PF04851;PF11907;PF13091;PF26350	995	900	900	773	177	900	774	0	0	0	0	0	0	0	0	0	neighborhood;neighborhood_transferred;fusion;cooccurence	877500.GCA_000935065_01381 || 877500.GCA_000935065_01382	True	False
PF04340	DUF484 - Protein of unknown function, DUF484	NO_PFAM	380	131	131	190	982	751.4	773	773	0	773	130	538	122	524	6	767	232	0	0	46	4	737	48	0	0	209	24	0	0	806	30	0	0	310	28	17.25440322029944	PF04340 || NO_PFAM	0.7681891347136418	1385515	1385515.GCA_000423325_01386	1385515.GCA_000423325_01387	PF04340	982	773	773	773	470	524	0	0	0	737	0	0	0	0	0	0	neighborhood;neighborhood_transferred;fusion;coexpression_transferred	1385515.GCA_000423325_01386 || 1385515.GCA_000423325_01387	True	False
PF15429	DUF4628 - Domain of unknown function (DUF4628)	NO_PFAM	302	30	33	149	983	810.2516556291391	900	900	0	0	0	0	0	900	18	208	12	969	12	0	0	169	42	0	0	790	248	900	8	871	260	770	2	753	194	14.38170721447966	PF15429 || NO_PFAM	0.7678590139952471	52904	52904.ENSSMAP00000029645	52904.ENSSMAP00000029630	PF00640;PF15429	983	899	899	0	0	899	0	0	0	74	0	0	0	832	0	58	fusion;coexpression_transferred;database_transferred;textmining_transferred	52904.ENSSMAP00000029630 || 52904.ENSSMAP00000029645	True	False
PF23070	DUF7043 - Domain of unknown function (DUF7043)	NO_PFAM	512	59	89	242	992	791.64453125	251	353	0	0	0	353	150	251	2	323	18	831	2	750	2	954	232	0	0	920	362	0	0	854	450	0	0	720	462	15.03296496961497	PF23070 || NO_PFAM	0.7674905554682016	7070	7070.A0A139WPD2	7070.D6W9X5	PF01208;PF23069;PF23070;PF23071;PF23073	992	0	219	0	219	0	0	0	0	954	0	0	0	341	0	702	neighborhood_transferred;coexpression_transferred;database_transferred;textmining_transferred	7070.A0A139WPD2 || 7070.D6W9X5	True	False
PF09557	DUF2382 - Domain of unknown function (DUF2382)	NO_PFAM	386	46	82	93	940	769.7616580310881	899	899	0	773	42	145	38	899	2	775	296	0	0	516	2	626	144	0	0	833	72	360	2	0	0	427	2	120	36	15.4567198964499	PF09557 || NO_PFAM	0.7643655469125399	1479485	1479485.DA73_0211710	1479485.DA73_0231705	PF05239;PF09557	940	0	0	0	0	0	0	0	0	626	0	833	0	0	0	120	coexpression_transferred;experiments_transferred;textmining_transferred	1479485.DA73_0211710 || 1479485.DA73_0231705	True	False
PF07027	DUF1318 - Protein of unknown function (DUF1318)	NO_PFAM	240	95	95	120	967	895.5333333333333	773	775	0	773	216	550	218	0	0	775	206	0	0	142	2	120	8	0	0	604	2	0	0	177	2	0	0	207	138	16.161493316426327	PF07027 || NO_PFAM	0.7624161134205952	43657	43657.S4054249_04700	43657.S4054249_04690	PF07027	967	711	762	711	550	0	762	0	0	0	0	0	0	0	0	70	neighborhood;neighborhood_transferred;cooccurence;textmining_transferred	43657.S4054249_04690 || 43657.S4054249_04700	True	False
PF10025	DUF2267 - Uncharacterized conserved protein (DUF2267)	NO_PFAM	78	27	28	39	944	765.9487179487179	773	915	0	773	44	915	34	331	2	755	24	0	0	0	0	0	0	0	0	0	0	0	0	0	0	0	0	0	0	12.72185687281743	PF10025 || NO_PFAM	0.7621959284346936	1894	1894.ADK78_29760	1894.ADK78_29750	PF10025	944	379	915	379	915	0	0	0	0	0	0	0	0	0	0	0	neighborhood;neighborhood_transferred	1894.ADK78_29750 || 1894.ADK78_29760	True	False
PF03993	DUF349 - Domain of Unknown Function (DUF349)	NO_PFAM	1190	207	234	559	979	744.8218487394957	898	898	0	773	106	575	294	898	4	774	922	0	0	0	0	244	140	0	0	966	294	0	0	951	160	0	0	821	194	19.55362472875793	PF03993 || NO_PFAM	0.7621145256706502	1888	1888.Salbus254_5612	1888.Salbus254_0001	PF03993	979	0	147	0	147	0	0	0	0	0	0	538	0	951	0	0	neighborhood_transferred;experiments_transferred;database_transferred	1888.Salbus254_0001 || 1888.Salbus254_5612	True	False
PF07987	DUF1775 - Domain of unkown function (DUF1775)	NO_PFAM	466	158	181	215	999	791.137339055794	773	773	0	773	256	599	270	0	0	772	62	0	0	953	4	976	130	0	0	989	168	0	0	672	106	919	4	454	194	17.830137662109358	PF07987 || NO_PFAM	0.7616732885028159	224308	224308.BSU03940	224308.BSU03950	PF07987	999	757	772	757	238	0	772	0	953	102	0	0	0	0	919	0	neighborhood;neighborhood_transferred;cooccurence;coexpression;coexpression_transferred;textmining	224308.BSU03940 || 224308.BSU03950	True	False
PF19931	DUF6394 - Family of unknown function (DUF6394)	NO_PFAM	30	13	13	15	958	818.5333333333333	773	775	0	773	30	319	26	0	0	775	12	0	0	0	0	0	0	0	0	0	0	0	0	0	0	0	0	0	0	10.260101863715663	PF19931 || NO_PFAM	0.7606459318589412	1274	1274.HX89_13910	1274.HX89_13915	PF19931	958	773	775	773	246	0	775	0	0	0	0	0	0	0	0	0	neighborhood;neighborhood_transferred;cooccurence	1274.HX89_13910 || 1274.HX89_13915	True	False
PF05610	DUF779 - Protein of unknown function (DUF779)	NO_PFAM	150	54	55	75	949	788.7466666666667	773	773	0	773	124	600	140	704	4	772	74	0	0	47	4	657	20	0	0	0	0	0	0	274	20	0	0	0	0	14.577946207279863	PF05610 || NO_PFAM	0.7605753311723626	1176165	1176165.GCA_001584405_00072	1176165.GCA_001584405_00071	PF05610	949	773	773	773	49	0	762	0	0	74	0	0	0	99	0	0	neighborhood;neighborhood_transferred;cooccurence;coexpression_transferred;database_transferred	1176165.GCA_001584405_00071 || 1176165.GCA_001584405_00072	True	False
PF19788	DUF6272 - Family of unknown function (DUF6272)	NO_PFAM	174	16	28	55	965	773.3678160919541	773	775	0	773	30	201	40	312	8	775	166	0	0	0	0	651	10	0	0	710	2	0	0	0	0	0	0	194	14	12.379212662035949	PF19788 || NO_PFAM	0.7600557872861053	1168289	1168289.GCA_000259075_03316	1168289.GCA_000259075_00320	PF19788	965	0	774	0	59	0	774	0	0	487	0	710	0	0	0	76	neighborhood_transferred;cooccurence;coexpression_transferred;experiments_transferred;textmining_transferred	1168289.GCA_000259075_00320 || 1168289.GCA_000259075_03316	True	False
PF07208	DUF1414 - Protein of unknown function (DUF1414)	NO_PFAM	290	48	48	145	976	761.3793103448276	773	774	0	773	46	601	44	0	0	774	266	0	0	65	12	143	30	0	0	0	0	0	0	0	0	818	14	254	34	15.003963863392745	PF07208 || NO_PFAM	0.7591321716386094	43658	43658.AT705_05560	43658.AT705_05565	PF07208	976	773	773	773	574	0	703	0	0	127	0	0	0	0	0	192	neighborhood;neighborhood_transferred;cooccurence;coexpression_transferred;textmining_transferred	43658.AT705_05560 || 43658.AT705_05565	True	False
PF11666	DUF2933 - Protein of unknown function (DUF2933)	NO_PFAM	184	64	68	89	957	791.1521739130435	773	773	0	773	160	291	122	0	0	770	80	0	0	80	2	60	4	0	0	0	0	0	0	0	0	0	0	0	0	15.115130364869596	PF11666 || NO_PFAM	0.7583886440896711	151081	151081.TW72_11965	151081.TW72_11960	PF11666	957	773	773	773	291	0	757	0	0	48	0	0	0	0	0	0	neighborhood;neighborhood_transferred;cooccurence;coexpression_transferred	151081.TW72_11960 || 151081.TW72_11965	True	False
PF11928	DUF3446 - Early growth response N-terminal domain	NO_PFAM	1002	72	144	332	994	815.9041916167664	900	518	0	0	0	483	40	518	2	205	82	964	118	299	36	857	526	0	0	610	880	900	144	929	822	855	188	795	782	16.90966967025872	PF11928 || NO_PFAM	0.7579631082735722	8364	8364.ENSXETP00000047687	8364.ENSXETP00000018149	PF00096;PF11914;PF11928	994	900	136	0	136	0	0	0	0	271	0	163	900	806	0	527	neighborhood_transferred;coexpression_transferred;experiments_transferred;database;database_transferred;textmining_transferred	8364.ENSXETP00000018149 || 8364.ENSXETP00000047687	True	False
PF09863	DUF2090 - Uncharacterized protein conserved in bacteria (DUF2090)	NO_PFAM	244	46	51	91	995	817.9098360655738	773	774	0	773	52	249	218	184	30	774	144	0	0	751	10	875	168	0	0	549	8	0	0	748	136	766	2	444	166	14.748553413964846	PF09863 || NO_PFAM	0.7577296707837755	1122190	1122190.GCA_000621105_01215	1122190.GCA_000621105_01233	PF00294;PF09863	995	0	774	0	153	0	774	0	0	875	0	0	0	745	0	364	neighborhood_transferred;cooccurence;coexpression_transferred;database_transferred;textmining_transferred	1122190.GCA_000621105_01215 || 1122190.GCA_000621105_01233	True	False
PF25752	DUF1619_N - N-terminal domain of DUF1619	NO_PFAM	864	74	124	326	999	837.4143518518518	900	861	0	0	0	263	42	861	2	133	10	976	36	251	22	999	144	0	0	951	550	900	142	965	684	867	90	952	828	17.1587057340045	PF25752 || NO_PFAM	0.7566286461358241	9685	9685.ENSFCAP00000010372	9685.ENSFCAP00000011936	PF25752	997	360	0	0	0	0	0	0	0	83	0	0	360	917	509	903	coexpression_transferred;database;database_transferred;textmining;textmining_transferred	9685.ENSFCAP00000010372 || 9685.ENSFCAP00000011936	True	False
PF10941	DUF2620 - Protein of unknown function DUF2620	NO_PFAM	60	18	18	30	953	840.7666666666667	773	774	0	773	50	591	54	0	0	774	36	0	0	0	0	0	0	0	0	0	0	0	0	0	0	0	0	0	0	11.546751822506192	PF10941 || NO_PFAM	0.7522468624764111	158822	158822.LH23_03690	158822.LH23_03705	PF10941	953	773	774	773	161	0	774	0	0	0	0	0	0	0	0	0	neighborhood;neighborhood_transferred;cooccurence	158822.LH23_03690 || 158822.LH23_03705	True	False
PF14539	DUF4442 - Domain of unknown function (DUF4442)	NO_PFAM	970	51	52	484	989	786.2268041237113	900	981	0	773	50	981	912	0	0	772	86	0	0	0	0	670	416	0	0	566	190	900	2	845	278	0	0	638	648	16.66181390545418	PF14539 || NO_PFAM	0.7500128961192505	1894	1894.ADK78_32645	1894.ADK78_27695	PF14539	989	0	898	0	898	0	0	0	0	670	0	545	0	0	0	413	neighborhood_transferred;coexpression_transferred;experiments_transferred;textmining_transferred	1894.ADK78_27695 || 1894.ADK78_32645	True	False
PF07210	DUF1416 - Protein of unknown function (DUF1416)	NO_PFAM	452	172	172	226	961	758.0088495575221	773	774	0	773	44	599	40	0	0	774	420	0	0	729	6	343	6	0	0	114	2	0	0	0	0	544	2	574	8	17.969475314478593	PF07210 || NO_PFAM	0.7494214535657199	1768	1768.B1T50_10905	1768.B1T50_10900	PF07210	961	773	773	773	394	0	269	0	0	343	0	0	0	0	0	507	neighborhood;neighborhood_transferred;cooccurence;coexpression_transferred;textmining_transferred	1768.B1T50_10900 || 1768.B1T50_10905	True	False
PF19359	DUF5936 - Family of unknown function (DUF5936)	NO_PFAM	242	58	58	121	968	791.3719008264463	773	773	0	773	142	601	242	0	0	769	24	0	0	0	0	858	122	0	0	0	0	0	0	0	0	0	0	247	106	15.194136331151988	PF19359 || NO_PFAM	0.7483688728798105	1888	1888.Salbus254_4326	1888.Salbus254_4322	PF00482;PF19359	968	570	769	570	400	0	769	0	0	538	0	0	0	0	0	0	neighborhood;neighborhood_transferred;cooccurence;coexpression_transferred	1888.Salbus254_4322 || 1888.Salbus254_4326	True	False
PF12494	DUF3695 - Protein of unknown function (DUF3695) 	NO_PFAM	692	62	67	323	954	796.9393063583815	800	252	4	0	0	0	0	0	0	252	8	0	0	167	12	793	512	800	4	921	676	0	0	0	0	898	10	717	20	16.68401840819002	PF12494 || NO_PFAM	0.7482036076028877	8030	8030.ENSSSAP00000098957	8030.ENSSSAP00000067544	PF12494	954	0	0	0	0	0	0	0	0	482	0	916	0	0	0	0	coexpression_transferred;experiments_transferred	8030.ENSSSAP00000067544 || 8030.ENSSSAP00000098957	True	False
PF14234	DUF4336 - Domain of unknown function (DUF4336)	NO_PFAM	320	56	62	136	991	813.36875	899	899	0	773	20	326	78	899	2	764	104	0	0	0	0	560	202	0	0	850	232	0	0	836	188	894	10	534	200	15.655543658799118	PF14234 || NO_PFAM	0.7476932584600904	317619	317619.GCA_000332315_01575	317619.GCA_000332315_00417	PF14234	991	0	234	0	234	0	0	0	0	438	0	800	0	817	0	534	neighborhood_transferred;coexpression_transferred;experiments_transferred;database_transferred;textmining_transferred	317619.GCA_000332315_00417 || 317619.GCA_000332315_01575	True	False
PF10009	DUF2252 - Uncharacterized protein conserved in bacteria (DUF2252)	NO_PFAM	280	78	103	140	948	786.3071428571428	773	915	0	773	216	915	228	152	2	673	56	0	0	373	2	273	2	0	0	0	0	0	0	0	0	0	0	0	0	16.065250374267787	PF10009 || NO_PFAM	0.747175397348338	1894	1894.ADK78_23970	1894.ADK78_30480	PF10009	948	0	888	0	888	0	562	0	0	0	0	0	0	0	0	0	neighborhood_transferred;cooccurence	1894.ADK78_23970 || 1894.ADK78_30480	True	False
PF10708	DUF2510 - Protein of unknown function (DUF2510)	NO_PFAM	944	98	122	457	974	752.0932203389831	773	774	0	773	60	599	228	651	10	774	770	0	0	0	0	832	192	0	0	884	126	0	0	743	84	0	0	302	140	17.588424627762922	PF10708 || NO_PFAM	0.7453870714120402	683316	683316.UG55_105177	683316.UG55_112015	PF01844;PF02342;PF10708	974	0	98	0	98	0	0	0	0	648	0	817	0	585	0	111	neighborhood_transferred;coexpression_transferred;experiments_transferred;database_transferred;textmining_transferred	683316.UG55_105177 || 683316.UG55_112015	True	False
PF14335	DUF4391 - Domain of unknown function (DUF4391)	NO_PFAM	116	45	47	56	954	777.551724137931	773	775	0	773	88	264	34	0	0	775	44	0	0	0	0	0	0	0	0	0	0	0	0	0	0	0	0	0	0	13.967456727775946	PF14335 || NO_PFAM	0.7452887871762148	1451189	1451189.CFAL_03815	1451189.CFAL_03820	PF14335	954	773	774	773	179	0	774	0	0	0	0	0	0	0	0	0	neighborhood;neighborhood_transferred;cooccurence	1451189.CFAL_03815 || 1451189.CFAL_03820	True	False
PF19479	DUF6015 - Family of unknown function (DUF6015)	NO_PFAM	16	2	5	4	950	765.125	773	950	0	773	2	950	2	0	0	747	12	0	0	0	0	0	0	0	0	0	0	0	0	0	0	0	0	0	0	6.753437921392435	PF19479 || NO_PFAM	0.7449844390129693	263820	263820.PTO0554	263820.PTO0454	PF19479	950	0	950	0	950	0	0	0	0	0	0	0	0	0	0	0	neighborhood_transferred	263820.PTO0454 || 263820.PTO0554	True	False
PF06672	DUF1175 - Protein of unknown function (DUF1175)	NO_PFAM	94	22	23	47	972	778.6808510638298	773	773	0	773	56	263	46	0	0	773	40	0	0	0	0	718	14	0	0	0	0	0	0	0	0	0	0	495	12	12.37086532345884	PF06672 || NO_PFAM	0.7441875809156995	47879	47879.AXG94_12040	47879.AXG94_12025	PF06672	972	762	773	762	193	0	773	0	0	349	0	0	0	0	0	170	neighborhood;neighborhood_transferred;cooccurence;coexpression_transferred;textmining_transferred	47879.AXG94_12025 || 47879.AXG94_12040	True	False
PF11907	DUF3427 - Domain of unknown function (DUF3427)	NO_PFAM	374	126	134	180	997	817.4866310160428	900	900	0	773	62	565	184	900	18	775	50	0	0	0	0	922	72	0	0	897	254	0	0	981	242	830	2	669	68	17.41530019888759	PF11907 || NO_PFAM	0.7433876998082486	877500	877500.GCA_000935065_01381	877500.GCA_000935065_01806	PF00271;PF04851;PF11907;PF13091;PF26350	997	0	0	0	0	0	0	0	0	151	0	875	0	981	0	53	coexpression_transferred;experiments_transferred;database_transferred;textmining_transferred	877500.GCA_000935065_01381 || 877500.GCA_000935065_01806	True	False
PF19605	DUF6110 - Family of unknown function (DUF6110)	NO_PFAM	6	3	3	3	955	836.0	752	773	0	752	6	281	4	0	0	773	4	0	0	0	0	0	0	0	0	0	0	0	0	0	0	0	0	0	0	6.243498871295094	PF19605 || NO_PFAM	0.7432846866668612	410072	410072.ERS852525_01031	410072.ERS852525_01030	PF19605	955	752	773	752	281	0	773	0	0	0	0	0	0	0	0	0	neighborhood;neighborhood_transferred;cooccurence	410072.ERS852525_01030 || 410072.ERS852525_01031	True	False
PF12915	DUF3833 - Protein of unknown function (DUF3833)	NO_PFAM	188	58	61	91	975	818.1276595744681	773	773	0	773	90	534	178	0	0	764	110	0	0	0	0	471	96	0	0	741	94	0	0	364	94	0	0	137	122	14.94282190287108	PF12915 || NO_PFAM	0.7402381240247564	151081	151081.TW72_07315	151081.TW72_07335	PF12915	975	723	723	723	533	0	686	0	0	451	0	0	0	0	0	55	neighborhood;neighborhood_transferred;cooccurence;coexpression_transferred;textmining_transferred	151081.TW72_07315 || 151081.TW72_07335	True	False
PF11943	DUF3460 - Protein of unknown function (DUF3460)	NO_PFAM	254	77	77	127	932	736.1259842519685	768	771	0	768	6	53	4	719	2	771	250	0	0	0	0	0	0	0	0	0	0	0	0	0	0	0	0	0	0	15.79368119853761	PF11943 || NO_PFAM	0.7397033855674975	486	486.B2G52_09260	486.B2G52_09255	PF11943	932	768	768	768	45	719	0	0	0	0	0	0	0	0	0	0	neighborhood;neighborhood_transferred;fusion	486.B2G52_09255 || 486.B2G52_09260	True	False
PF19462	DUF5999 - Family of unknown function (DUF5999)	NO_PFAM	254	66	86	108	946	744.8031496062993	773	915	0	773	88	915	74	0	0	771	158	0	0	0	0	0	0	0	0	0	0	0	0	0	0	0	0	0	0	15.638648783940358	PF19462 || NO_PFAM	0.7377217257481791	1894	1894.ADK78_02990	1894.ADK78_02995	PF19462	946	391	915	391	915	0	0	0	0	0	0	0	0	0	0	0	neighborhood;neighborhood_transferred	1894.ADK78_02990 || 1894.ADK78_02995	True	False
PF14316	DUF4381 - Domain of unknown function (DUF4381)	NO_PFAM	318	82	91	149	967	828.2641509433962	773	775	0	773	182	470	232	0	0	775	268	0	0	67	2	103	12	0	0	813	10	0	0	334	16	0	0	157	132	16.15087231837804	PF14316 || NO_PFAM	0.7370658687721031	1385515	1385515.GCA_000423325_00901	1385515.GCA_000423325_00904	PF14316	967	773	773	773	470	0	716	0	0	0	0	0	0	0	0	157	neighborhood;neighborhood_transferred;cooccurence;textmining_transferred	1385515.GCA_000423325_00901 || 1385515.GCA_000423325_00904	True	False
PF14315	DUF4380 - Domain of unknown function (DUF4380)	NO_PFAM	30	4	4	15	998	846.6666666666666	773	773	0	773	6	234	10	0	0	755	12	0	0	0	0	372	10	0	0	982	20	0	0	789	10	0	0	564	14	8.198863029353346	PF14315 || NO_PFAM	0.7366357491393332	317619	317619.GCA_000332315_02258	317619.GCA_000332315_01010	PF14315	998	0	234	0	234	0	155	0	0	166	0	982	0	789	0	476	neighborhood_transferred;cooccurence;coexpression_transferred;experiments_transferred;database_transferred;textmining_transferred	317619.GCA_000332315_01010 || 317619.GCA_000332315_02258	True	False
PF24977	DUF7772 - Family of unknown function (DUF7772)	NO_PFAM	18	2	6	5	984	870.2222222222222	0	0	0	0	0	0	0	0	0	0	0	983	6	984	6	0	0	0	0	628	2	0	0	502	2	852	12	200	2	5.14166355650266	PF24977 || NO_PFAM	0.7359014406245421	6239	6239.D1025.7.1	6239.D1025.6.1	PF24977	984	0	0	0	0	0	0	983	984	0	0	0	0	0	0	0	homology;coexpression	6239.D1025.6.1 || 6239.D1025.7.1	True	False
PF19460	DUF5997 - Family of unknown function (DUF5997)	NO_PFAM	38	19	19	19	953	882.421052631579	773	773	0	773	36	569	34	0	0	773	26	0	0	0	0	0	0	0	0	0	0	0	0	0	0	0	0	259	24	11.201026193237627	PF19460 || NO_PFAM	0.7357937202408112	42234	42234.IQ63_40225	42234.IQ63_40220	PF19460	953	558	773	558	569	0	773	0	0	0	0	0	0	0	0	0	neighborhood;neighborhood_transferred;cooccurence	42234.IQ63_40220 || 42234.IQ63_40225	True	False
PF16258	DUF4912 - Domain of unknown function (DUF4912)	NO_PFAM	262	40	42	129	909	751.8931297709923	773	774	0	773	46	260	60	0	0	774	214	631	2	0	0	611	12	0	0	235	12	0	0	702	18	0	0	71	8	14.546298165586382	PF16258 || NO_PFAM	0.7356951938218932	211165	211165.GCA_000317285_06673	211165.GCA_000317285_02489	PF12849;PF16258	909	0	518	0	110	0	518	0	0	414	0	0	0	682	0	0	neighborhood_transferred;cooccurence;coexpression_transferred;database_transferred	211165.GCA_000317285_02489 || 211165.GCA_000317285_06673	True	False
PF11777	DUF3316 - Protein of unknown function (DUF3316)	NO_PFAM	114	12	12	57	951	741.0175438596491	773	773	0	773	6	289	4	0	0	769	110	0	0	74	4	122	2	0	0	0	0	0	0	0	0	0	0	0	0	11.420830843286325	PF11777 || NO_PFAM	0.7339055961732469	310297	310297.BHV76_07085	310297.BHV76_07080	PF11777	951	773	773	773	289	0	698	0	0	122	0	0	0	0	0	0	neighborhood;neighborhood_transferred;cooccurence;coexpression_transferred	310297.BHV76_07080 || 310297.BHV76_07085	True	False
PF11694	DUF3290 - Protein of unknown function (DUF3290)	NO_PFAM	14	7	7	7	952	795.4285714285714	773	773	0	773	10	170	8	0	0	773	12	0	0	0	0	70	4	0	0	0	0	0	0	0	0	0	0	0	0	8.41293328446188	PF11694 || NO_PFAM	0.7310896777016019	158822	158822.LH23_17195	158822.LH23_17200	PF11694	952	762	773	762	161	0	773	0	0	69	0	0	0	0	0	0	neighborhood;neighborhood_transferred;cooccurence;coexpression_transferred	158822.LH23_17195 || 158822.LH23_17200	True	False
PF20332	DUF6627 - Family of unknown function (DUF6627)	NO_PFAM	28	11	11	14	969	842.0714285714286	773	775	0	773	18	493	10	0	0	775	12	0	0	95	6	446	8	0	0	0	0	0	0	0	0	881	8	0	0	9.885109129562474	PF20332 || NO_PFAM	0.7306472160626956	589873	589873.EP12_04310	589873.EP12_04315	PF20332	969	773	774	773	200	0	774	0	0	336	0	0	0	0	0	0	neighborhood;neighborhood_transferred;cooccurence;coexpression_transferred	589873.EP12_04310 || 589873.EP12_04315	True	False
PF20316	DUF6612 - Family of unknown function (DUF6612)	NO_PFAM	174	45	56	79	994	812.6551724137931	773	773	0	773	6	503	88	0	0	769	86	0	0	0	0	804	90	0	0	958	90	0	0	755	64	0	0	387	92	14.368068766901704	PF20316 || NO_PFAM	0.7304986164464841	472963	472963.BKP45_06220	472963.BKP45_16355	PF20316	994	0	232	0	232	0	0	0	0	58	0	958	0	755	0	387	neighborhood_transferred;coexpression_transferred;experiments_transferred;database_transferred;textmining_transferred	472963.BKP45_06220 || 472963.BKP45_16355	True	False
PF11749	DUF3305 - Protein of unknown function (DUF3305)	NO_PFAM	318	81	81	159	990	828.062893081761	773	775	0	773	146	490	200	0	0	775	256	0	0	0	0	834	58	0	0	428	28	0	0	727	36	0	0	395	54	16.12662959731335	PF11749 || NO_PFAM	0.7296493902335068	754436	754436.JCM19237_6546	754436.JCM19237_6545	PF11749	990	773	773	773	147	0	771	0	0	812	0	0	0	0	0	0	neighborhood;neighborhood_transferred;cooccurence;coexpression_transferred	754436.JCM19237_6545 || 754436.JCM19237_6546	True	False
PF05331	DUF742 - Protein of unknown function (DUF742)	NO_PFAM	4884	135	502	1042	995	791.8439803439803	773	936	0	773	678	936	2832	6	8	775	2340	0	0	735	2	776	2040	0	0	691	2898	0	0	856	2744	870	6	678	1852	20.028234335948987	PF05331 || NO_PFAM	0.7288397250157846	83332	83332.Rv3363c	83332.Rv3361c	PF05331	995	773	773	773	502	0	0	0	735	0	0	0	0	0	870	0	neighborhood;neighborhood_transferred;coexpression;textmining	83332.Rv3361c || 83332.Rv3363c	True	False
PF22484	DUF6986 - Domain of unknown function (DUF6986)	NO_PFAM	596	16	16	298	989	812.8557046979865	773	981	0	773	20	981	580	0	0	772	66	0	0	43	2	768	222	0	0	0	0	0	0	893	366	0	0	564	432	13.812343801505037	PF22484 || NO_PFAM	0.7288119690247434	1894	1894.ADK78_34230	1894.ADK78_03545	PF22484	989	0	959	0	959	0	740	0	0	82	0	0	0	0	0	0	neighborhood_transferred;cooccurence;coexpression_transferred	1894.ADK78_03545 || 1894.ADK78_34230	True	False
PF10101	DUF2339 - Predicted membrane protein (DUF2339)	NO_PFAM	524	93	96	261	970	768.0076335877862	773	775	0	773	108	474	96	642	2	775	470	0	0	146	6	214	6	0	0	885	4	0	0	561	4	883	2	242	10	16.89798782713163	PF10101 || NO_PFAM	0.728783266184215	61647	61647.LG71_26655	61647.LG71_23325	PF10101	970	773	774	773	178	0	774	0	0	214	0	0	0	0	0	242	neighborhood;neighborhood_transferred;cooccurence;coexpression_transferred;textmining_transferred	61647.LG71_23325 || 61647.LG71_26655	True	False
PF14086	DUF4266 - Domain of unknown function (DUF4266)	NO_PFAM	240	30	36	116	949	815.2833333333333	773	774	0	773	160	279	184	0	0	774	192	0	0	0	0	0	0	0	0	0	0	0	0	0	0	0	0	0	0	13.899771342460948	PF14086 || NO_PFAM	0.727759240387703	1107311	1107311.Q767_10305	1107311.Q767_10300	PF14086	949	714	774	714	279	0	774	0	0	0	0	0	0	0	0	0	neighborhood;neighborhood_transferred;cooccurence	1107311.Q767_10300 || 1107311.Q767_10305	True	False
PF11859	DUF3379 - Protein of unknown function (DUF3379)	NO_PFAM	304	43	44	150	973	747.5592105263158	773	773	0	773	6	199	26	0	0	769	276	0	0	0	0	487	48	0	0	923	64	0	0	262	4	0	0	188	36	14.834691044443932	PF11859 || NO_PFAM	0.7269185972318329	1481914	1481914.JCM19241_2882	1481914.JCM19241_4733	PF11859	973	0	231	0	84	0	231	0	0	487	0	923	0	0	0	188	neighborhood_transferred;cooccurence;coexpression_transferred;experiments_transferred;textmining_transferred	1481914.JCM19241_2882 || 1481914.JCM19241_4733	True	False
PF09911	DUF2140 - Uncharacterized protein conserved in bacteria (DUF2140)	NO_PFAM	48	15	15	24	958	761.2083333333334	773	773	0	773	16	243	14	0	0	772	38	0	0	0	0	393	10	0	0	0	0	0	0	0	0	0	0	205	10	10.982997742590188	PF09911 || NO_PFAM	0.7265947070019287	1214117	1214117.LFLEISCH_12225	1214117.LFLEISCH_12230	PF09911	958	746	771	746	72	0	771	0	0	293	0	0	0	0	0	79	neighborhood;neighborhood_transferred;cooccurence;coexpression_transferred;textmining_transferred	1214117.LFLEISCH_12225 || 1214117.LFLEISCH_12230	True	False
PF19313	DUF5916 - Domain of unknown function (DUF5916)	NO_PFAM	136	38	40	62	992	789.3088235294117	773	775	0	773	26	593	72	0	0	775	54	0	0	0	0	634	60	0	0	939	62	0	0	790	46	0	0	531	66	13.79510421808742	PF19313 || NO_PFAM	0.7242932172039013	354355	354355.SAMN05660816_05699	354355.SAMN05660816_06950	PF06452;PF19313	992	0	187	0	187	0	0	0	0	110	0	939	0	790	0	309	neighborhood_transferred;coexpression_transferred;experiments_transferred;database_transferred;textmining_transferred	354355.SAMN05660816_05699 || 354355.SAMN05660816_06950	True	False
PF10825	DUF2752 - Protein of unknown function (DUF2752)	NO_PFAM	208	93	95	103	962	796.5384615384615	773	773	0	773	202	593	174	0	0	769	54	0	0	0	0	0	0	0	0	0	0	0	0	0	0	769	2	70	2	15.974923816504818	PF10825 || NO_PFAM	0.7241420101993951	44010	44010.AWC00_25935	44010.AWC00_25940	PF10825	962	727	756	727	482	0	756	0	0	0	0	0	0	0	0	0	neighborhood;neighborhood_transferred;cooccurence	44010.AWC00_25935 || 44010.AWC00_25940	True	False
PF09902	DUF2129 - Uncharacterized protein conserved in bacteria (DUF2129)	NO_PFAM	84	26	26	42	942	771.0952380952381	773	773	0	773	76	556	70	0	0	736	20	0	0	649	10	497	16	0	0	0	0	0	0	0	0	0	0	92	4	12.580324988498974	PF09902 || NO_PFAM	0.7239833081727778	220668	220668.lp_2135	220668.lp_2134	PF09902	942	741	741	741	365	0	0	0	649	84	0	0	0	0	0	72	neighborhood;neighborhood_transferred;coexpression;coexpression_transferred;textmining_transferred	220668.lp_2134 || 220668.lp_2135	True	False
PF04296	YlxR - Protein of unknown function (DUF448)	NO_PFAM	1062	280	280	531	999	828.5894538606403	773	773	0	773	170	582	830	0	0	769	90	0	0	119	20	991	980	0	0	973	320	0	0	912	218	116	2	427	762	19.79155971700944	PF04296 || NO_PFAM	0.7237829890249426	178901	178901.AmDm5_0240	178901.AmDm5_0239	PF04296	999	773	773	773	285	0	0	0	0	965	0	884	0	0	0	374	neighborhood;neighborhood_transferred;coexpression_transferred;experiments_transferred;textmining_transferred	178901.AmDm5_0239 || 178901.AmDm5_0240	True	False
PF04074	DUF386 - YhcH/YjgK/YiaL	NO_PFAM	144	43	50	68	975	800.4861111111111	800	774	0	773	92	382	94	0	0	774	50	0	0	621	2	74	16	0	0	709	40	800	8	783	48	939	6	169	18	14.1191130102571	PF04074 || NO_PFAM	0.7231066772634681	754436	754436.JCM19237_2067	754436.JCM19237_2070	PF04074	975	773	773	773	133	0	0	0	0	0	0	709	0	616	0	0	neighborhood;neighborhood_transferred;experiments_transferred;database_transferred	754436.JCM19237_2067 || 754436.JCM19237_2070	True	False
PF11980	DUF3481 - C-terminal domain of neuropilin glycoprotein	NO_PFAM	1096	63	86	457	999	822.3357664233577	900	294	0	0	0	52	6	0	0	294	36	970	2	112	38	203	58	0	0	972	890	900	184	909	696	994	290	999	1064	16.512100626994574	PF11980 || NO_PFAM	0.7229617702742092	9823	9823.ENSSSCP00000069067	9823.ENSSSCP00000026074	PF00431;PF00629;PF00754;PF11980	999	900	0	0	0	0	0	0	0	0	0	820	900	0	814	912	experiments_transferred;database;textmining;textmining_transferred	9823.ENSSSCP00000026074 || 9823.ENSSSCP00000069067	True	False
PF19879	DUF6352 - Family of unknown function (DUF6352)	NO_PFAM	12	5	5	6	950	826.6666666666666	773	773	0	773	12	154	8	0	0	762	6	0	0	0	0	0	0	0	0	0	0	0	0	0	0	0	0	0	0	7.6944682959176465	PF19879 || NO_PFAM	0.7229516947079485	224911	224911.AAV28_24835	224911.AAV28_24830	PF19879	950	773	773	773	154	0	762	0	0	0	0	0	0	0	0	0	neighborhood;neighborhood_transferred;cooccurence	224911.AAV28_24830 || 224911.AAV28_24835	True	False
PF10728	DUF2520 - Domain of unknown function (DUF2520)	NO_PFAM	236	98	98	118	974	768.0677966101695	891	891	0	773	212	601	202	891	16	666	18	0	0	135	2	45	2	0	0	545	4	0	0	828	16	864	4	293	18	16.44029984140431	PF10728 || NO_PFAM	0.7225268775107689	1703	1703.BLSMQ_1006	1703.BLSMQ_2991	PF10727;PF10728	974	891	891	0	385	891	607	0	0	0	0	0	0	0	0	150	neighborhood_transferred;fusion;cooccurence;textmining_transferred	1703.BLSMQ_1006 || 1703.BLSMQ_2991	True	False
PF12987	DUF3871 - Domain of unknown function, B. Theta Gene description (DUF3871)	NO_PFAM	54	14	16	23	949	809.0370370370371	773	774	0	773	28	103	42	0	0	774	46	0	0	0	0	0	0	0	0	0	0	0	0	0	0	0	0	0	0	10.97043358743689	PF12987 || NO_PFAM	0.721643161003574	1107311	1107311.Q767_07405	1107311.Q767_07410	PF12987	949	773	774	773	83	0	774	0	0	0	0	0	0	0	0	0	neighborhood;neighborhood_transferred;cooccurence	1107311.Q767_07405 || 1107311.Q767_07410	True	False
PF14242	DUF4342 - Domain of unknown function (DUF4342)	NO_PFAM	276	91	100	133	997	854.268115942029	773	773	0	773	20	105	10	0	0	773	102	0	0	0	0	756	224	0	0	888	220	0	0	903	40	0	0	347	44	16.21359466028542	PF14242 || NO_PFAM	0.7188043255466872	36849	36849.OXPF_18520	36849.OXPF_38230	PF14242	997	0	0	0	0	0	0	0	0	745	0	888	0	903	0	146	coexpression_transferred;experiments_transferred;database_transferred;textmining_transferred	36849.OXPF_18520 || 36849.OXPF_38230	True	False
PF06004	DUF903 - Bacterial protein of unknown function (DUF903)	NO_PFAM	128	25	32	53	965	782.09375	633	763	0	389	4	0	0	633	4	763	38	0	0	932	18	965	72	0	0	0	0	0	0	0	0	787	6	0	0	12.772005480404635	PF06004 || NO_PFAM	0.7183543407236208	658167	658167.SAMN04488135_11217	658167.SAMN04488135_10791	PF06004	965	0	0	0	0	0	0	0	0	965	0	0	0	0	0	0	coexpression_transferred	658167.SAMN04488135_10791 || 658167.SAMN04488135_11217	True	False
PF10067	DUF2306 - Predicted membrane protein (DUF2306)	NO_PFAM	10604	199	298	3023	999	882.5699735948699	773	773	0	773	112	517	1744	0	0	707	22	0	0	0	0	930	10334	0	0	991	10484	0	0	733	6056	0	0	530	8878	21.41171560009485	PF10067 || NO_PFAM	0.7145597222079327	694573	694573.A0A194VGR3	694573.A0A194VE69	PF10067	999	0	204	0	204	0	0	0	0	930	0	986	0	0	0	266	neighborhood_transferred;coexpression_transferred;experiments_transferred;textmining_transferred	694573.A0A194VE69 || 694573.A0A194VGR3	True	False
PF11288	DUF3089 - Protein of unknown function (DUF3089)	NO_PFAM	152	49	51	73	976	789.7763157894736	773	773	0	773	36	402	40	0	0	728	52	0	0	0	0	454	66	0	0	966	84	0	0	430	30	0	0	161	10	14.400483932248726	PF11288 || NO_PFAM	0.7144791993163593	645274	645274.SAMN04487901_1127	645274.SAMN04487901_11493	PF11288	976	0	0	0	0	0	0	0	0	244	0	966	0	0	0	161	coexpression_transferred;experiments_transferred;textmining_transferred	645274.SAMN04487901_1127 || 645274.SAMN04487901_11493	True	False
PF11167	DUF2953 - Protein of unknown function (DUF2953)	NO_PFAM	446	51	51	223	952	759.1659192825113	773	774	0	773	62	407	50	0	0	774	412	0	0	0	0	606	18	0	0	0	0	0	0	0	0	0	0	0	0	15.552046031776424	PF11167 || NO_PFAM	0.7133392960912994	1763538	1763538.LPB68_03775	1763538.LPB68_03770	PF11167	952	773	773	773	376	0	437	0	0	470	0	0	0	0	0	0	neighborhood;neighborhood_transferred;cooccurence;coexpression_transferred	1763538.LPB68_03770 || 1763538.LPB68_03775	True	False
PF11932	DUF3450 - Protein of unknown function (DUF3450)	NO_PFAM	384	87	119	154	976	821.953125	773	775	0	773	186	748	320	203	2	775	282	0	0	0	0	489	140	0	0	866	208	0	0	888	48	0	0	217	144	16.455916963244196	PF11932 || NO_PFAM	0.7123387589895166	151081	151081.TW72_07120	151081.TW72_07115	PF11932	976	757	774	757	533	203	774	0	0	42	0	0	0	0	0	0	neighborhood;neighborhood_transferred;fusion;cooccurence;coexpression_transferred	151081.TW72_07115 || 151081.TW72_07120	True	False
PF18936	DUF5684 - Family of unknown function (DUF5684)	NO_PFAM	180	52	55	89	979	788.7444444444444	900	773	0	773	38	394	38	0	0	768	58	0	0	0	0	791	104	0	0	964	84	900	2	790	66	0	0	191	84	14.81208085837007	PF18936 || NO_PFAM	0.7122474746406523	354355	354355.SAMN05660816_02091	354355.SAMN05660816_03238	PF18936	979	0	222	0	42	0	222	0	0	98	0	964	0	208	0	147	neighborhood_transferred;cooccurence;coexpression_transferred;experiments_transferred;database_transferred;textmining_transferred	354355.SAMN05660816_02091 || 354355.SAMN05660816_03238	True	False
PF14950	DUF4502 - Domain of unknown function (DUF4502)	NO_PFAM	186	44	44	93	945	773.4623655913979	899	899	2	0	0	0	0	899	8	475	4	0	0	42	2	73	8	609	2	720	108	0	0	717	20	889	60	803	160	15.191739740729284	PF14950 || NO_PFAM	0.7101337144374431	299123	299123.ENSLSDP00000009233	299123.ENSLSDP00000009225	PF14950;PF14951	945	899	899	0	0	899	475	0	0	0	0	0	0	0	0	0	fusion;cooccurence	299123.ENSLSDP00000009225 || 299123.ENSLSDP00000009233	True	False
PF19358	DUF5935 - Family of unknown function (DUF5935)	NO_PFAM	1130	147	149	553	979	788.9079646017699	773	775	0	773	274	239	894	0	0	775	1022	0	0	55	4	854	440	0	0	0	0	0	0	572	100	0	0	419	304	18.57328202364435	PF19358 || NO_PFAM	0.7089046227805244	1192759	1192759.GCA_000277525_00607	1192759.GCA_000277525_03565	PF04932;PF19358	979	0	731	0	196	0	731	0	0	854	0	0	0	0	0	419	neighborhood_transferred;cooccurence;coexpression_transferred;textmining_transferred	1192759.GCA_000277525_00607 || 1192759.GCA_000277525_03565	True	False
PF19355	DUF5932 - Family of unknown function (DUF5932)	NO_PFAM	80	12	12	40	979	765.575	773	773	0	773	16	383	58	0	0	761	26	0	0	0	0	330	50	0	0	752	54	0	0	637	52	0	0	402	56	11.070347869595512	PF19355 || NO_PFAM	0.7083580278915725	310297	310297.BHV76_00265	310297.BHV76_00260	PF00072;PF19355	979	668	761	668	329	0	761	0	0	0	0	288	0	477	0	152	neighborhood;neighborhood_transferred;cooccurence;experiments_transferred;database_transferred;textmining_transferred	310297.BHV76_00260 || 310297.BHV76_00265	True	False
PF11750	DUF3307 - Protein of unknown function (DUF3307)	NO_PFAM	590	184	184	295	993	853.8610169491525	773	775	0	773	412	455	282	0	0	775	328	0	0	83	4	57	36	0	0	741	114	0	0	894	114	890	4	175	278	18.370527667562744	PF11750 || NO_PFAM	0.7082754772272243	210007	210007.SMU_1057	210007.SMU_1058	PF11750	993	773	773	773	154	0	741	0	55	0	0	0	0	0	890	0	neighborhood;neighborhood_transferred;cooccurence;coexpression;textmining	210007.SMU_1057 || 210007.SMU_1058	True	False
PF11184	DUF2969 - Protein of unknown function (DUF2969)	NO_PFAM	94	15	15	47	921	742.9787234042553	773	774	0	773	8	148	4	735	2	774	86	0	0	0	0	0	0	0	0	0	0	0	0	0	0	0	0	0	0	11.646054336080102	PF11184 || NO_PFAM	0.7071362705246043	53444	53444.AYR59_06520	53444.AYR59_06525	PF11184	921	735	735	714	0	735	0	0	0	0	0	0	0	0	0	0	neighborhood;fusion	53444.AYR59_06520 || 53444.AYR59_06525	True	False
PF04361	DUF494 - Protein of unknown function (DUF494)	NO_PFAM	98	31	31	49	923	771.265306122449	773	773	0	773	76	538	62	589	4	764	42	0	0	130	4	0	0	0	0	0	0	0	0	0	0	0	0	183	28	13.072591655734042	PF04361 || NO_PFAM	0.7070685350756013	1238	1238.AWJ11_15570	1238.AWJ11_15565	PF04361	923	773	773	773	238	589	0	0	0	0	0	0	0	0	0	43	neighborhood;neighborhood_transferred;fusion;textmining_transferred	1238.AWJ11_15565 || 1238.AWJ11_15570	True	False
PF11914	DUF3432 - Domain of unknown function (DUF3432)	NO_PFAM	382	44	50	177	994	828.151832460733	900	518	0	0	0	483	40	518	2	90	14	920	32	299	16	857	250	0	0	548	326	900	76	904	268	855	74	765	342	14.979359968721283	PF11914 || NO_PFAM	0.7065791897089624	9593	9593.ENSGGOP00000030538	9593.ENSGGOP00000005181	PF00096;PF11914;PF11928	979	0	0	0	0	0	0	838	0	799	0	41	0	845	72	380	homology;coexpression_transferred;experiments_transferred;database_transferred;textmining;textmining_transferred	9593.ENSGGOP00000005181 || 9593.ENSGGOP00000030538	True	False
PF06187	DUF993 - Protein of unknown function (DUF993)	NO_PFAM	42	18	18	21	962	830.2857142857143	773	774	0	773	38	326	36	0	0	774	36	0	0	0	0	226	4	0	0	0	0	0	0	360	20	0	0	325	20	11.197078074026445	PF06187 || NO_PFAM	0.705018329148136	300019	300019.BO218_08005	300019.BO218_08000	PF06187	962	773	774	773	326	0	774	0	0	42	0	0	0	0	0	0	neighborhood;neighborhood_transferred;cooccurence;coexpression_transferred	300019.BO218_08000 || 300019.BO218_08005	True	False
PF11855	DUF3375 - Protein of unknown function (DUF3375)	NO_PFAM	140	39	42	67	998	795.5142857142857	773	775	0	773	40	503	80	0	0	775	84	0	0	49	2	195	20	0	0	970	46	0	0	788	12	700	4	731	42	13.874518798606042	PF11855 || NO_PFAM	0.704563299212475	1789004	1789004.FEMY_19400	1789004.FEMY_19390	PF11855	998	773	774	773	179	0	774	0	0	0	0	970	0	0	0	0	neighborhood;neighborhood_transferred;cooccurence;experiments_transferred	1789004.FEMY_19390 || 1789004.FEMY_19400	True	False
PF10029	DUF2271 - Predicted periplasmic protein (DUF2271)	NO_PFAM	136	52	52	68	967	779.3970588235294	773	775	0	773	106	364	102	0	0	775	84	0	0	45	2	740	20	0	0	0	0	0	0	0	0	731	4	110	18	14.408564752932367	PF10029 || NO_PFAM	0.7038551937239478	1336235	1336235.GCA_000518785_04646	1336235.GCA_000518785_04648	PF10029	967	718	762	718	114	0	762	0	0	514	0	0	0	0	0	0	neighborhood;neighborhood_transferred;cooccurence;coexpression_transferred	1336235.GCA_000518785_04646 || 1336235.GCA_000518785_04648	True	False
PF19472	DUF6009 - Family of unknown function (DUF6009)	NO_PFAM	8	2	2	4	996	932.75	773	979	0	773	6	979	8	366	2	0	0	0	0	0	0	0	0	0	0	0	0	0	0	0	0	0	0	0	0	6.146449154672439	PF19472 || NO_PFAM	0.700309501466233	1894	1894.ADK78_17285	1894.ADK78_17290	PF19472	996	773	978	773	978	366	0	0	0	0	0	0	0	0	0	0	neighborhood;neighborhood_transferred;fusion	1894.ADK78_17285 || 1894.ADK78_17290	True	False
PF08905	DUF1850 - Domain of unknown function (DUF1850)	NO_PFAM	68	21	23	33	959	775.4117647058823	773	773	0	773	22	396	20	0	0	771	58	0	0	0	0	171	22	0	0	0	0	0	0	522	4	0	0	0	0	11.962191411313892	PF08905 || NO_PFAM	0.7002175745351185	1336235	1336235.GCA_000518785_02625	1336235.GCA_000518785_02626	PF08905	959	773	773	773	179	0	768	0	0	171	0	0	0	0	0	0	neighborhood;neighborhood_transferred;cooccurence;coexpression_transferred	1336235.GCA_000518785_02625 || 1336235.GCA_000518785_02626	True	False
PF06980	DUF1302 - Protein of unknown function (DUF1302)	NO_PFAM	390	73	141	112	967	776.2051282051282	773	775	0	773	58	593	168	0	0	775	336	0	0	81	2	442	190	0	0	884	38	0	0	0	0	883	2	115	36	16.124837746393705	PF06980 || NO_PFAM	0.6996470206571392	43657	43657.S4054249_11635	43657.S4054249_11625	PF06980	967	500	772	500	593	0	772	0	0	374	0	0	0	0	0	0	neighborhood;neighborhood_transferred;cooccurence;coexpression_transferred	43657.S4054249_11625 || 43657.S4054249_11635	True	False
PF07295	DUF1451 - Zinc-ribbon containing domain	NO_PFAM	254	66	66	127	975	789.3543307086615	773	773	0	773	16	593	32	0	0	755	76	0	0	50	2	853	110	0	0	956	156	0	0	484	6	0	0	286	8	15.496648783940357	PF07295 || NO_PFAM	0.6971947413559615	580	580.GCA_001266615_02572	580.GCA_001266615_02662	PF07295	975	0	174	0	174	0	0	0	0	829	0	839	0	0	0	0	neighborhood_transferred;coexpression_transferred;experiments_transferred	580.GCA_001266615_02572 || 580.GCA_001266615_02662	True	False
PF14334	DUF4390 - Domain of unknown function (DUF4390)	NO_PFAM	572	152	152	286	938	747.1188811188811	773	774	0	773	54	538	54	0	0	774	540	0	0	41	2	51	4	0	0	0	0	0	0	0	0	0	0	0	0	17.95876155949961	PF14334 || NO_PFAM	0.6969028914011185	60547	60547.GCA_000751215_03461	60547.GCA_000751215_03459	PF14334	938	709	755	709	203	0	755	0	0	0	0	0	0	0	0	0	neighborhood;neighborhood_transferred;cooccurence	60547.GCA_000751215_03459 || 60547.GCA_000751215_03461	True	False
PF15262	DUF4592 - Domain of unknown function (DUF4592)	NO_PFAM	164	26	30	57	999	791.6341463414634	899	899	0	0	0	49	32	899	34	372	36	551	2	0	0	69	54	0	0	743	140	0	0	581	132	999	12	749	100	13.49561920590924	PF15262 || NO_PFAM	0.6954488878809113	7955	7955.ENSDARP00000122314	7955.ENSDARP00000119449	PF15262	999	0	216	0	0	0	216	0	0	51	0	113	0	0	999	0	cooccurence;coexpression_transferred;experiments_transferred;textmining	7955.ENSDARP00000119449 || 7955.ENSDARP00000122314	True	False
PF09741	DUF2045 - Uncharacterized conserved protein (DUF2045)	NO_PFAM	130	20	20	65	999	832.3230769230769	825	825	0	0	0	0	0	825	4	253	4	852	2	55	4	888	58	0	0	979	94	360	4	976	80	964	14	910	98	12.614242198647997	PF09741 || NO_PFAM	0.6948425583596787	60517	60517.A0A158R7Y6	60517.A0A0R3WF82	PF00227;PF09741;PF10584	999	360	0	0	0	0	0	852	0	888	0	979	360	808	0	327	homology;coexpression_transferred;experiments_transferred;database;database_transferred;textmining_transferred	60517.A0A0R3WF82 || 60517.A0A158R7Y6	True	False
PF10865	DUF2703 - Domain of unknown function (DUF2703)	NO_PFAM	14	5	5	7	995	859.1428571428571	773	773	0	773	4	567	8	0	0	672	2	0	0	0	0	854	8	0	0	271	4	0	0	895	8	0	0	463	8	7.837569139558319	PF10865 || NO_PFAM	0.6936343532245907	1122184	1122184.SAMN02745176_02528	1122184.SAMN02745176_03457	PF10865	995	0	567	0	567	0	0	0	0	847	0	0	0	882	0	463	neighborhood_transferred;coexpression_transferred;database_transferred;textmining_transferred	1122184.SAMN02745176_02528 || 1122184.SAMN02745176_03457	True	False
PF19494	DUF6029 - Family of unknown function (DUF6029)	NO_PFAM	38	11	11	19	940	775.1578947368421	773	773	0	773	20	355	14	0	0	761	26	0	0	0	0	0	0	0	0	0	0	0	0	0	0	0	0	0	0	10.179374945705646	PF19494 || NO_PFAM	0.692096266257508	1122973	1122973.GCA_000379925_01232	1122973.GCA_000379925_01233	PF19494	940	773	773	773	80	0	736	0	0	0	0	0	0	0	0	0	neighborhood;neighborhood_transferred;cooccurence	1122973.GCA_000379925_01232 || 1122973.GCA_000379925_01233	True	False
PF12866	DUF3823 - Protein of unknown function (DUF3823) N-terminal domain	NO_PFAM	90	24	26	43	941	783.4	773	775	0	773	68	112	58	0	0	775	82	0	0	0	0	0	0	0	0	0	0	0	0	0	0	0	0	0	0	12.49661115625325	PF12866 || NO_PFAM	0.692089697585524	1796613	1796613.A4V03_17790	1796613.A4V03_17795	PF12866;PF18003	941	752	774	752	47	0	774	0	0	0	0	0	0	0	0	0	neighborhood;neighborhood_transferred;cooccurence	1796613.A4V03_17790 || 1796613.A4V03_17795	True	False
PF18003	DUF3823_C - Domain of unknown function (DUF3823_C)	NO_PFAM	86	21	24	41	941	780.1395348837209	773	775	0	773	62	112	58	0	0	775	78	0	0	0	0	0	0	0	0	0	0	0	0	0	0	0	0	0	0	12.195993025371216	PF18003 || NO_PFAM	0.692089697585524	1796613	1796613.A4V03_17790	1796613.A4V03_17800	PF12866;PF18003	935	726	774	726	0	0	774	0	0	0	0	0	0	0	0	0	neighborhood;cooccurence	1796613.A4V03_17790 || 1796613.A4V03_17800	True	False
PF07023	DUF1315 - Protein of unknown function (DUF1315)	NO_PFAM	210	66	66	105	954	801.9333333333333	773	773	0	773	90	560	104	0	0	766	148	0	0	701	4	878	68	0	0	0	0	0	0	0	0	734	2	391	66	15.307243372257997	PF07023 || NO_PFAM	0.6908084609606139	1481914	1481914.JCM19241_2948	1481914.JCM19241_2947	PF07023	954	620	620	620	102	0	0	0	0	878	0	0	0	0	0	0	neighborhood;neighborhood_transferred;coexpression_transferred	1481914.JCM19241_2947 || 1481914.JCM19241_2948	True	False
PF19354	DUF5931 - Family of unknown function (DUF5931)	NO_PFAM	126	58	58	63	977	752.1111111111111	773	773	0	773	106	600	120	0	0	756	10	0	0	0	0	829	16	0	0	359	16	0	0	765	16	0	0	161	20	14.54526197427003	PF19354 || NO_PFAM	0.6904838659138348	42234	42234.IQ63_06520	42234.IQ63_06525	PF02518;PF07730;PF19354	977	773	773	773	478	0	756	0	0	113	0	266	0	0	0	0	neighborhood;neighborhood_transferred;cooccurence;coexpression_transferred;experiments_transferred	42234.IQ63_06520 || 42234.IQ63_06525	True	False
PF06897	DUF1269 - Protein of unknown function (DUF1269)	NO_PFAM	74	26	27	36	946	778.3243243243244	773	774	0	773	52	133	30	0	0	774	38	0	0	730	4	397	10	0	0	661	8	0	0	0	0	522	2	195	2	12.456161845544967	PF06897 || NO_PFAM	0.6894244094769264	1192868	1192868.GCA_000304395_00294	1192868.GCA_000304395_00295	PF06897	946	773	774	773	0	0	774	0	0	0	0	0	0	0	0	0	neighborhood;cooccurence	1192868.GCA_000304395_00294 || 1192868.GCA_000304395_00295	True	False
PF21831	DUF6891 - Domain of unknown function (DUF6891)	NO_PFAM	212	44	47	100	961	788.4905660377359	773	773	0	773	12	180	78	0	0	771	42	0	0	0	0	890	172	0	0	842	142	0	0	0	0	0	0	248	82	14.520617145250064	PF21831 || NO_PFAM	0.6893055510342551	1884369	1884369.SAMN05518849_102249	1884369.SAMN05518849_1114	PF21831	961	0	0	0	0	0	0	0	0	769	0	842	0	0	0	0	coexpression_transferred;experiments_transferred	1884369.SAMN05518849_102249 || 1884369.SAMN05518849_1114	True	False
PF11325	DUF3127 - Domain of unknown function (DUF3127)	NO_PFAM	204	67	68	101	970	784.343137254902	773	773	0	773	58	402	40	0	0	739	36	0	0	0	0	726	6	0	0	964	142	0	0	359	34	0	0	181	146	15.308025389490622	PF11325 || NO_PFAM	0.6885617106287899	310297	310297.BHV76_08570	310297.BHV76_01625	PF11325	970	0	48	0	48	0	0	0	0	0	0	948	0	359	0	181	neighborhood_transferred;experiments_transferred;database_transferred;textmining_transferred	310297.BHV76_01625 || 310297.BHV76_08570	True	False
PF18480	DUF5615 - Domain of unknown function (DUF5615)	NO_PFAM	116	33	46	52	955	784.1896551724138	773	774	0	773	80	350	34	0	0	774	32	0	0	56	2	0	0	0	0	0	0	0	0	0	0	822	18	135	10	13.36189498403008	PF18480 || NO_PFAM	0.6873783778473849	258594	258594.RPA2819	258594.RPA2820	PF18480	955	773	773	773	137	0	771	0	0	0	0	0	0	0	0	126	neighborhood;neighborhood_transferred;cooccurence;textmining_transferred	258594.RPA2819 || 258594.RPA2820	True	False
PF25004	DUF7782 - Domain of unknown function (DUF7782)	NO_PFAM	200	70	70	100	962	772.23	773	773	0	773	184	598	172	653	2	556	2	0	0	0	0	0	0	0	0	538	14	0	0	729	14	0	0	118	4	15.374664662141706	PF25004 || NO_PFAM	0.6871746936219365	1724	1724.GCA_001044175_00999	1724.GCA_001044175_01001	PF05175;PF23186;PF25004	962	773	773	773	0	653	556	0	0	0	0	0	0	0	0	0	neighborhood;fusion;cooccurence	1724.GCA_001044175_00999 || 1724.GCA_001044175_01001	True	False
PF18929	DUF5678 - Family of unknown function (DUF5678)	NO_PFAM	54	3	3	27	991	846.5185185185185	773	773	0	773	10	219	48	0	0	634	2	0	0	0	0	258	46	0	0	937	48	0	0	793	48	0	0	363	34	8.325921907472251	PF18929 || NO_PFAM	0.686439056029184	317619	317619.GCA_000332315_00770	317619.GCA_000332315_04115	PF00072;PF04326;PF18929	991	0	209	0	209	0	0	0	0	258	0	937	0	767	0	182	neighborhood_transferred;coexpression_transferred;experiments_transferred;database_transferred;textmining_transferred	317619.GCA_000332315_00770 || 317619.GCA_000332315_04115	True	False
PF05037	DUF669 - Protein of unknown function (DUF669)	NO_PFAM	146	39	45	73	944	764.1506849315068	773	774	0	773	138	365	70	0	0	774	18	0	0	105	4	695	2	0	0	0	0	0	0	0	0	0	0	0	0	13.91519149500661	PF05037 || NO_PFAM	0.6859447908376779	1214117	1214117.LFLEISCH_10794	1214117.LFLEISCH_10799	PF05037	944	714	766	714	234	0	766	0	0	0	0	0	0	0	0	0	neighborhood;neighborhood_transferred;cooccurence	1214117.LFLEISCH_10794 || 1214117.LFLEISCH_10799	True	False
PF11296	DUF3097_C - DUF3097, C-terminal domain	NO_PFAM	476	50	50	238	992	776.4747899159664	773	981	0	773	92	981	440	0	0	756	50	0	0	52	4	230	44	0	0	0	0	0	0	903	30	870	4	738	62	15.785167756336993	PF11296 || NO_PFAM	0.6846830993313285	1894	1894.ADK78_41340	1894.ADK78_41335	PF11296;PF22845	992	678	979	678	979	0	0	0	0	0	0	0	0	0	0	0	neighborhood;neighborhood_transferred	1894.ADK78_41335 || 1894.ADK78_41340	True	False
PF22845	DUF3097_N - DUF3097, N-terminal domain	NO_PFAM	476	50	50	238	992	776.4747899159664	773	981	0	773	92	981	440	0	0	756	50	0	0	52	4	230	44	0	0	0	0	0	0	903	30	870	4	738	62	15.785167756336993	PF22845 || NO_PFAM	0.6846830993313285	1894	1894.ADK78_41340	1894.ADK78_41315	PF11296;PF22845	984	241	981	241	981	0	0	0	0	0	0	0	0	0	0	0	neighborhood;neighborhood_transferred	1894.ADK78_41315 || 1894.ADK78_41340	True	False
PF05306	DUF733 - Protein of unknown function (DUF733)	NO_PFAM	122	7	11	55	999	814.2295081967213	0	0	0	0	0	0	0	0	0	0	0	785	6	999	26	999	92	0	0	0	0	0	0	0	0	916	8	800	10	8.971067438732089	PF05306 || NO_PFAM	0.682822668973918	7227	7227.FBpp0075576	7227.FBpp0113046	PF05306	999	0	0	0	0	0	0	0	999	0	0	0	0	0	0	0	coexpression	7227.FBpp0075576 || 7227.FBpp0113046	True	False
PF12012	DUF3504 - Domain of unknown function (DUF3504)	NO_PFAM	898	88	156	361	999	791.4944320712694	900	900	0	0	0	353	166	900	18	383	8	603	4	83	14	943	446	0	0	987	662	800	12	913	632	950	102	841	732	17.578555773935896	PF12012 || NO_PFAM	0.6795755996837499	8364	8364.ENSXETP00000053283	8364.ENSXETP00000052230	PF05676;PF12012;PF25561	999	540	0	0	0	0	0	0	0	838	0	987	540	618	0	541	coexpression_transferred;experiments_transferred;database;database_transferred;textmining_transferred	8364.ENSXETP00000052230 || 8364.ENSXETP00000053283	True	False
PF19515	DUF6048 - Domain of unknown function (DUF6048)	NO_PFAM	646	98	98	323	975	736.4643962848297	773	774	0	773	16	287	18	0	0	774	624	0	0	0	0	638	8	0	0	901	8	0	0	746	8	0	0	137	8	17.20958599477008	PF19515 || NO_PFAM	0.6794079567994719	1107311	1107311.Q767_09440	1107311.Q767_05400	PF19515	975	0	71	0	71	0	0	0	0	638	0	901	0	284	0	137	neighborhood_transferred;coexpression_transferred;experiments_transferred;database_transferred;textmining_transferred	1107311.Q767_05400 || 1107311.Q767_09440	True	False
PF11168	DUF2955 - Protein of unknown function (DUF2955)	NO_PFAM	26	13	13	13	938	764.6153846153846	773	773	0	773	20	165	8	0	0	761	12	0	0	0	0	0	0	0	0	0	0	0	0	0	0	0	0	0	0	10.119951525234846	PF11168 || NO_PFAM	0.6770705202710069	1218098	1218098.GCA_001598715_03936	1218098.GCA_001598715_03938	PF11168	938	773	773	773	165	0	700	0	0	0	0	0	0	0	0	0	neighborhood;neighborhood_transferred;cooccurence	1218098.GCA_001598715_03936 || 1218098.GCA_001598715_03938	True	False
PF26485	DUF8156 - Domain of unknown function (DUF8156)	NO_PFAM	38	16	17	19	938	797.5263157894736	773	773	0	773	36	365	34	0	0	738	4	0	0	0	0	0	0	0	0	0	0	0	0	0	0	0	0	0	0	10.875988334242075	PF26485 || NO_PFAM	0.6760494047924603	1873524	1873524.HSR6_0386	1873524.HSR6_0385	PF26485	938	773	773	773	57	0	735	0	0	0	0	0	0	0	0	0	neighborhood;neighborhood_transferred;cooccurence	1873524.HSR6_0385 || 1873524.HSR6_0386	True	False
PF11186	DUF2972 - Protein of unknown function (DUF2972)	NO_PFAM	24	4	6	7	936	872.4166666666666	773	773	0	773	16	121	4	0	0	0	0	606	4	874	12	53	8	0	0	888	8	0	0	333	8	0	0	192	8	7.9837516497364	PF11186 || NO_PFAM	0.6722180621782049	1548018	1548018.LS64_14200	1548018.LS64_06335	PF11186	936	0	121	0	121	0	0	0	0	42	0	888	0	299	0	192	neighborhood_transferred;coexpression_transferred;experiments_transferred;database_transferred;textmining_transferred	1548018.LS64_06335 || 1548018.LS64_14200	True	False
PF11934	DUF3452 - Domain of unknown function (DUF3452)	PF00514;PF01749;PF16186	66	15	16	30	901	760.0	900	0	4	0	0	0	0	0	0	0	0	0	0	49	2	62	18	900	4	896	62	0	0	0	0	0	0	0	0	11.454589020087578	PF11934 || PF00514;PF01749;PF16186	0.6720453550740778	10090	10090.ENSMUSP00000022701	10090.ENSMUSP00000137310	PF01857;PF01858;PF08934;PF11934	901	900	0	0	0	0	0	0	0	51	900	0	0	0	0	0	coexpression_transferred;experiments	10090.ENSMUSP00000022701 || 10090.ENSMUSP00000137310	True	False
PF04260	DUF436 - Protein of unknown function (DUF436) 	NO_PFAM	20	10	10	10	987	780.5	794	794	0	773	14	236	12	794	6	0	0	0	0	846	4	740	8	0	0	0	0	0	0	0	0	718	2	120	6	9.428312983320165	PF04260 || NO_PFAM	0.6652779726345097	226900	226900.BC_5317	226900.BC_5318	PF04260	987	678	678	623	176	678	0	0	846	264	0	0	0	0	0	120	neighborhood;neighborhood_transferred;fusion;coexpression;coexpression_transferred;textmining_transferred	226900.BC_5317 || 226900.BC_5318	True	False
PF15548	DUF4655 - Domain of unknown function (DUF4655)	NO_PFAM	88	14	14	44	985	797.2272727272727	900	282	0	0	0	0	0	282	18	108	8	898	8	0	0	155	40	0	0	660	84	900	26	863	46	630	2	535	76	11.08673677193656	PF15548 || NO_PFAM	0.664831938690794	13616	13616.ENSMODP00000048049	13616.ENSMODP00000018720	PF15548	985	900	0	0	0	0	0	0	0	0	0	510	900	617	0	304	experiments_transferred;database;database_transferred;textmining_transferred	13616.ENSMODP00000018720 || 13616.ENSMODP00000048049	True	False
PF20050	DUF6452 - Family of unknown function (DUF6452)	NO_PFAM	712	97	97	356	933	732.0730337078652	773	773	0	773	12	355	6	0	0	771	702	0	0	0	0	74	2	0	0	0	0	0	0	0	0	0	0	0	0	17.28541637775544	PF20050 || NO_PFAM	0.6640073686536513	1848903	1848903.CCAND38_100005	1848903.CCAND38_100004	PF20050	933	773	773	773	211	0	656	0	0	0	0	0	0	0	0	0	neighborhood;neighborhood_transferred;cooccurence	1848903.CCAND38_100004 || 1848903.CCAND38_100005	True	False
PF11346	DUF3149 - Protein of unknown function (DUF3149)	NO_PFAM	34	5	5	17	958	867.9411764705883	773	773	0	773	2	123	6	0	0	0	0	758	6	0	0	178	4	0	0	809	24	0	0	850	32	0	0	479	32	8.684866999945523	PF11346 || NO_PFAM	0.6627694588145607	303518	303518.ENSPNYP00000015298	303518.ENSPNYP00000024941	PF11346	958	0	0	0	0	0	0	0	0	0	0	809	0	789	0	63	experiments_transferred;database_transferred;textmining_transferred	303518.ENSPNYP00000015298 || 303518.ENSPNYP00000024941	True	False
PF01724	DUF29 - Domain of unknown function DUF29	NO_PFAM	480	50	101	122	989	813.2833333333333	773	775	0	773	38	116	26	0	0	775	48	0	0	0	0	70	88	0	0	959	424	0	0	858	400	897	2	294	222	15.587518535554413	PF01724 || NO_PFAM	0.662441000525618	1789004	1789004.FEMY_23410	1789004.FEMY_16900	PF01724	989	0	116	0	116	0	0	0	0	0	0	924	0	851	0	81	neighborhood_transferred;experiments_transferred;database_transferred;textmining_transferred	1789004.FEMY_16900 || 1789004.FEMY_23410	True	False
PF02643	DUF192 - Uncharacterized ACR, COG1430	NO_PFAM	388	106	111	193	945	779.4536082474227	773	773	0	773	358	575	222	0	0	772	124	0	0	0	0	0	0	0	0	0	0	0	0	0	0	782	4	0	0	16.855237012542258	PF02643 || NO_PFAM	0.6623947535474926	1765683	1765683.B2M26_05860	1765683.B2M26_05855	PF02643	945	741	769	741	154	0	769	0	0	0	0	0	0	0	0	0	neighborhood;neighborhood_transferred;cooccurence	1765683.B2M26_05855 || 1765683.B2M26_05860	True	False
PF06025	DUF913 - Domain of Unknown Function (DUF913)	PF00096;PF00651;PF13894	70	35	35	35	980	838.5714285714286	510	0	2	0	0	0	0	0	0	0	0	0	0	42	2	0	0	510	2	980	70	0	0	43	4	223	2	117	58	12.489023898287591	PF06025 || PF00096;PF00651;PF13894	0.6615839911620262	9555	9555.ENSPANP00000028742	9555.ENSPANP00000006694	PF00632;PF02825;PF06012;PF06025;PF14377;PF22562	977	0	0	0	0	0	0	0	0	0	0	977	0	0	0	42	experiments_transferred;textmining_transferred	9555.ENSPANP00000006694 || 9555.ENSPANP00000028742	True	False
PF06012	DUF908 - Domain of Unknown Function (DUF908)	PF00096;PF00651;PF13894	68	34	34	34	980	839.5294117647059	510	0	2	0	0	0	0	0	0	0	0	0	0	42	2	0	0	510	2	980	68	0	0	43	6	223	2	117	58	12.404108771910142	PF06012 || PF00096;PF00651;PF13894	0.6615839911620262	9541	9541.ENSMFAP00000000939	9541.ENSMFAP00000037282	PF00632;PF02825;PF06012;PF06025;PF14377;PF22562	980	0	0	0	0	0	0	0	0	0	0	980	0	42	0	61	experiments_transferred;database_transferred;textmining_transferred	9541.ENSMFAP00000000939 || 9541.ENSMFAP00000037282	True	False
PF08952	DUF1866 - Domain of unknown function (DUF1866) 	PF00018;PF07653;PF12763;PF14604	50	23	25	23	981	869.8	623	0	2	0	0	0	0	0	0	0	0	0	0	0	0	0	0	623	2	921	50	0	0	0	0	892	6	729	50	11.460239437754272	PF08952 || PF00018;PF07653;PF12763;PF14604	0.6587624165665257	7227	7227.FBpp0300559	7227.FBpp0297159	PF02383;PF08952;PF22669	981	623	0	0	0	0	0	0	0	0	623	143	0	0	892	533	experiments;experiments_transferred;textmining;textmining_transferred	7227.FBpp0297159 || 7227.FBpp0300559	True	False
PF10675	DUF2489 - Protein of unknown function (DUF2489)	NO_PFAM	222	56	56	111	960	748.0450450450451	773	773	0	773	26	533	24	0	0	772	198	0	0	0	0	51	6	0	0	111	2	0	0	686	4	0	0	519	2	15.03927430712922	PF10675 || NO_PFAM	0.6585247857417068	151081	151081.TW72_13850	151081.TW72_13855	PF10675	960	773	773	773	533	0	659	0	0	0	0	0	0	0	0	0	neighborhood;neighborhood_transferred;cooccurence	151081.TW72_13850 || 151081.TW72_13855	True	False
PF11210	DUF2996 - Protein of unknown function (DUF2996)	NO_PFAM	292	37	37	146	975	745.431506849315	773	774	0	773	4	137	2	0	0	774	254	0	0	0	0	552	18	0	0	897	26	0	0	0	0	756	4	910	18	14.50234492846984	PF11210 || NO_PFAM	0.6560235995748658	317619	317619.GCA_000332315_00900	317619.GCA_000332315_00302	PF11210	975	0	770	0	0	0	770	0	0	0	0	897	0	0	0	0	cooccurence;experiments_transferred	317619.GCA_000332315_00302 || 317619.GCA_000332315_00900	True	False
PF04149	DUF397 - Domain of unknown function (DUF397)	NO_PFAM	1778	98	291	501	950	758.7131608548931	773	915	0	773	330	915	512	0	0	775	1498	0	0	0	0	0	0	0	0	0	0	0	0	0	0	879	4	487	208	18.362046387935013	PF04149 || NO_PFAM	0.6552702360403393	943816	943816.AN217_18475	943816.AN217_18470	PF04149	950	773	773	773	123	0	771	0	0	0	0	0	0	0	0	0	neighborhood;neighborhood_transferred;cooccurence	943816.AN217_18470 || 943816.AN217_18475	True	False
PF11850	DUF3370 - Protein of unknown function (DUF3370)	NO_PFAM	194	16	28	75	966	751.5154639175257	773	773	0	773	8	251	36	105	2	773	152	0	0	0	0	69	26	0	0	760	52	0	0	877	28	0	0	403	50	12.48542624667618	PF11850 || NO_PFAM	0.6544660607957826	1910958	1910958.BTM30_02395	1910958.BTM30_08060	PF11850	966	0	251	0	251	0	0	0	0	0	0	462	0	877	0	403	neighborhood_transferred;experiments_transferred;database_transferred;textmining_transferred	1910958.BTM30_02395 || 1910958.BTM30_08060	True	False
PF25085	DUF7802 - Domain of unknown function (DUF7802)	NO_PFAM	10	3	3	5	953	766.8	746	746	0	746	2	0	0	0	0	726	6	0	0	0	0	0	0	0	0	908	2	0	0	0	0	0	0	511	2	6.662483995038153	PF25085 || NO_PFAM	0.653674731898196	6248	6248.A0A0K0DVT3	6248.A0A0K0EN14	PF08007;PF21233;PF25085	953	0	0	0	0	0	0	0	0	0	0	908	0	0	0	511	experiments_transferred;textmining_transferred	6248.A0A0K0DVT3 || 6248.A0A0K0EN14	True	False
PF06196	DUF997 - Protein of unknown function (DUF997)	NO_PFAM	66	26	26	33	965	776.8484848484849	773	773	0	773	22	183	12	0	0	770	50	0	0	0	0	239	12	0	0	0	0	0	0	0	0	876	2	781	12	12.342366351399622	PF06196 || NO_PFAM	0.6526303586940552	754436	754436.JCM19237_3235	754436.JCM19237_3234	PF06196	965	773	773	773	143	0	770	0	0	239	0	0	0	0	0	130	neighborhood;neighborhood_transferred;cooccurence;coexpression_transferred;textmining_transferred	754436.JCM19237_3234 || 754436.JCM19237_3235	True	False
PF07869	DUF1656 - Protein of unknown function (DUF1656)	NO_PFAM	186	35	38	93	955	778.752688172043	773	774	0	773	72	206	62	0	0	774	140	0	0	92	12	640	24	0	0	0	0	0	0	0	0	719	2	257	30	13.945146493766806	PF07869 || NO_PFAM	0.6503325190097349	47879	47879.AXG94_10055	47879.AXG94_10060	PF07869	955	773	773	773	132	0	773	0	0	0	0	0	0	0	0	110	neighborhood;neighborhood_transferred;cooccurence;textmining_transferred	47879.AXG94_10055 || 47879.AXG94_10060	True	False
PF11011	DUF2849 - Protein of unknown function (DUF2849)	NO_PFAM	602	104	104	301	960	746.235880398671	900	773	0	773	50	469	56	0	0	773	544	0	0	55	2	692	24	0	0	468	8	900	4	790	10	0	0	406	24	17.38283789704223	PF11011 || NO_PFAM	0.6486698792194862	1120923	1120923.SAMN02746095_01471	1120923.SAMN02746095_02835	PF01077;PF03460;PF11011	960	0	204	0	204	0	0	0	0	595	0	447	0	682	0	406	neighborhood_transferred;coexpression_transferred;experiments_transferred;database_transferred;textmining_transferred	1120923.SAMN02746095_01471 || 1120923.SAMN02746095_02835	True	False
PF02639	DUF188 - Uncharacterized BCR, YaiI/YqxD family COG1671	NO_PFAM	196	87	88	98	946	776.3367346938776	773	774	0	773	188	574	112	0	0	774	14	0	0	74	2	0	0	0	0	725	2	0	0	0	0	897	6	0	0	15.784877357694402	PF02639 || NO_PFAM	0.6479569020698489	177439	177439.DP2759	177439.DP2758	PF02639	946	773	774	773	0	0	774	0	0	0	0	0	0	0	0	0	neighborhood;cooccurence	177439.DP2758 || 177439.DP2759	True	False
PF05097	DUF688 - Protein of unknown function (DUF688)	NO_PFAM	38	5	7	19	964	847.9473684210526	0	524	0	0	0	0	0	0	0	524	4	950	2	60	2	128	14	0	0	752	22	0	0	817	20	964	12	947	22	7.771080584585756	PF05097 || NO_PFAM	0.6459596355220959	3702	3702.Q8RYE0	3702.B3H4K3	PF05097	964	0	0	0	0	0	0	0	0	0	0	0	0	0	964	0	textmining	3702.B3H4K3 || 3702.Q8RYE0	True	False
PF11890	DUF3410 - Domain of unknown function (DUF3410)	NO_PFAM	100	36	36	50	986	804.52	900	773	0	773	36	596	64	0	0	757	6	0	0	64	2	884	58	0	0	710	46	900	20	913	38	882	4	487	54	13.509956342129708	PF11890 || NO_PFAM	0.6455245382097099	34059	34059.A9308_08810	34059.A9308_07550	PF00389;PF02826;PF11890	986	500	74	0	74	0	0	0	0	674	0	103	500	913	0	104	neighborhood_transferred;coexpression_transferred;experiments_transferred;database;database_transferred;textmining_transferred	34059.A9308_07550 || 34059.A9308_08810	True	False
PF07044	DUF1329 - Protein of unknown function (DUF1329)	NO_PFAM	270	37	103	54	972	809.237037037037	773	775	0	773	50	593	190	4	2	775	232	0	0	47	2	461	188	0	0	857	22	0	0	576	4	836	6	181	118	14.425291140332472	PF07044 || NO_PFAM	0.6453263595646913	43657	43657.S4054249_11630	43657.S4054249_11625	PF07044	972	507	774	507	593	0	774	0	0	399	0	0	0	0	0	153	neighborhood;neighborhood_transferred;cooccurence;coexpression_transferred;textmining_transferred	43657.S4054249_11625 || 43657.S4054249_11630	True	False
PF11450	DUF3008 - Protein of unknwon function (DUF3008)	NO_PFAM	98	34	35	48	971	797.2857142857143	773	773	0	773	16	275	56	0	0	224	10	0	0	924	10	963	72	0	0	0	0	0	0	0	0	0	0	0	0	13.251815973113416	PF11450 || NO_PFAM	0.6449210571237989	658167	658167.SAMN04488135_10885	658167.SAMN04488135_10791	PF11450	971	0	190	0	119	0	190	0	0	963	0	0	0	0	0	0	neighborhood_transferred;cooccurence;coexpression_transferred	658167.SAMN04488135_10791 || 658167.SAMN04488135_10885	True	False
PF24463	DUF7577 - Domain of unknown function (DUF7577)	NO_PFAM	34	9	9	17	966	806.4117647058823	773	774	0	773	12	569	20	0	0	774	14	0	0	0	0	308	4	0	0	139	6	0	0	918	14	0	0	481	12	9.707518247477504	PF24463 || NO_PFAM	0.6439694490013455	1266925	1266925.GCA_000619905_00405	1266925.GCA_000619905_00082	PF09413;PF24463	925	0	103	0	103	0	0	0	0	0	0	139	0	852	0	429	neighborhood_transferred;experiments_transferred;database_transferred;textmining_transferred	1266925.GCA_000619905_00082 || 1266925.GCA_000619905_00405	True	False
PF06465	DUF1087 - CHD subfamily II, DUF1087	PF00271;PF06461;PF06465	2	1	1	1	967	967.0	360	55	0	0	0	0	0	0	0	55	2	971	2	0	0	123	2	0	0	769	2	360	2	456	2	0	0	607	2	2.8999066497880004	PF06465 || PF00271;PF06461;PF06465	0.6436714306188991	43179	43179.ENSSTOP00000015560	43179.ENSSTOP00000006839	PF00176;PF00271;PF00385;PF00628;PF06461;PF06465;PF08073;PF08074	967	360	55	0	0	0	55	971	0	123	0	769	360	456	0	607	cooccurence;homology;coexpression_transferred;experiments_transferred;database;database_transferred;textmining_transferred	43179.ENSSTOP00000006839 || 43179.ENSSTOP00000015560	True	False
PF04359	DUF493 - Protein of unknown function (DUF493)	NO_PFAM	410	147	147	205	972	750.2682926829268	773	773	0	773	120	593	102	0	0	771	274	0	0	471	2	488	56	0	0	972	28	0	0	483	2	892	4	798	26	17.559017762024464	PF04359 || NO_PFAM	0.6434111829753809	229921	229921.ADN01_04855	229921.ADN01_12425	PF04359	972	0	0	0	0	0	0	0	0	0	0	972	0	0	0	0	experiments_transferred	229921.ADN01_04855 || 229921.ADN01_12425	True	False
PF11938	DUF3456 - TLR4 regulator and MIR-interacting MSAP	NO_PFAM	560	83	115	266	998	807.6642857142857	900	788	0	0	0	231	130	788	12	274	2	553	2	565	58	980	342	0	0	981	268	900	74	880	294	861	120	927	516	16.87935450320932	PF11938 || NO_PFAM	0.643337220131487	9544	9544.ENSMMUP00000003339	9544.ENSMMUP00000077348	PF00285;PF11938	998	900	83	0	83	0	0	0	0	466	0	512	900	711	423	640	neighborhood_transferred;coexpression_transferred;experiments_transferred;database;database_transferred;textmining;textmining_transferred	9544.ENSMMUP00000003339 || 9544.ENSMMUP00000077348	True	False
PF14346	DUF4398 - Domain of unknown function (DUF4398)	NO_PFAM	292	83	96	137	948	789.8767123287671	773	773	0	773	74	241	86	0	0	768	54	0	0	863	4	723	58	0	0	930	190	0	0	408	18	587	2	103	42	16.087806206703693	PF14346 || NO_PFAM	0.638551832109486	1789004	1789004.FEMY_17410	1789004.FEMY_17400	PF14346	948	727	739	727	62	0	739	0	0	116	0	268	0	0	0	0	neighborhood;neighborhood_transferred;cooccurence;coexpression_transferred;experiments_transferred	1789004.FEMY_17400 || 1789004.FEMY_17410	True	False
PF15418	DUF4625 - Domain of unknown function (DUF4625)	NO_PFAM	32	13	15	14	929	767.3125	773	774	0	773	20	121	12	0	0	774	24	0	0	0	0	0	0	0	0	112	2	0	0	0	0	0	0	51	2	10.321622220696998	PF15418 || NO_PFAM	0.6371977525009425	1168289	1168289.GCA_000259075_01402	1168289.GCA_000259075_01403	PF15418	929	678	774	678	110	0	774	0	0	0	0	0	0	0	0	0	neighborhood;neighborhood_transferred;cooccurence	1168289.GCA_000259075_01402 || 1168289.GCA_000259075_01403	True	False
PF25372	DUF7885 - Leucine Rich Repeat Domain of unknown function (DUF7885)	PF12678	4970	620	1830	783	999	827.3480885311872	800	0	8	0	0	0	0	0	0	0	0	0	0	84	12	0	0	596	8	951	4878	800	46	944	4940	708	72	905	4970	23.272650758629744	PF25372 || PF12678	0.6349046123013342	61853	61853.ENSNLEP00000019467	61853.ENSNLEP00000036078	PF12937;PF25372	999	800	0	0	0	0	0	0	0	0	0	918	800	870	0	905	experiments_transferred;database;database_transferred;textmining_transferred	61853.ENSNLEP00000019467 || 61853.ENSNLEP00000036078	True	False
PF19334	DUF5920 - Domain of unknown function (DUF5920)	NO_PFAM	4134	71	76	1877	997	793.6898887276245	898	898	0	0	0	82	642	898	2	331	6	565	4	131	52	430	1236	0	0	967	4080	720	30	978	3980	996	30	954	3490	18.676574845489903	PF19334 || NO_PFAM	0.6321972265554732	9986	9986.ENSOCUP00000039323	9986.ENSOCUP00000007486	PF00400;PF05386;PF05729;PF05731;PF13271;PF19334;PF25047;PF25048	997	0	0	0	0	0	0	0	72	0	0	179	0	0	991	648	coexpression;experiments_transferred;textmining;textmining_transferred	9986.ENSOCUP00000007486 || 9986.ENSOCUP00000039323	True	False
PF07898	DUF1676 - Protein of unknown function (DUF1676)	NO_PFAM	762	38	138	302	999	781.5564304461942	727	727	0	0	0	166	168	727	16	0	0	695	18	844	60	999	540	0	0	926	322	0	0	787	232	914	44	450	414	15.41838132354375	PF07898 || NO_PFAM	0.6314908351028048	77166	77166.N6UKM2	77166.U4U8T8	PF07898	999	0	0	0	0	0	0	619	0	999	0	0	0	0	0	433	homology;coexpression_transferred;textmining_transferred	77166.N6UKM2 || 77166.U4U8T8	True	False
PF13438	DUF4113 - Domain of unknown function (DUF4113)	NO_PFAM	390	120	139	176	990	808.2410256410257	773	775	0	773	86	270	258	51	2	775	40	0	0	0	0	885	276	0	0	926	168	0	0	897	126	697	2	517	308	17.108288651178846	PF13438 || NO_PFAM	0.6304424149504877	1410619	1410619.SRDD_39890	1410619.SRDD_46000	PF00817;PF11799;PF13438	990	0	0	0	0	0	0	0	0	0	0	919	0	883	0	120	experiments_transferred;database_transferred;textmining_transferred	1410619.SRDD_39890 || 1410619.SRDD_46000	True	False
PF14063	DUF4254 - Protein of unknown function (DUF4254)	NO_PFAM	94	39	40	47	951	786.2978723404256	773	775	0	773	88	477	54	0	0	775	10	0	0	0	0	180	16	0	0	120	4	0	0	662	4	0	0	387	6	13.479635799828412	PF14063 || NO_PFAM	0.6247754196968317	1168289	1168289.GCA_000259075_00349	1168289.GCA_000259075_00348	PF14063	951	773	773	773	153	0	764	0	0	44	0	0	0	0	0	57	neighborhood;neighborhood_transferred;cooccurence;coexpression_transferred;textmining_transferred	1168289.GCA_000259075_00348 || 1168289.GCA_000259075_00349	True	False
PF11027	DUF2615 - Protein of unknown function (DUF2615)	NO_PFAM	84	9	9	42	999	828.9285714285714	900	273	0	0	0	273	40	0	0	90	4	929	4	41	2	910	36	0	0	902	36	900	24	780	42	913	16	865	70	10.220821442478409	PF11027 || NO_PFAM	0.6237689275777059	8364	8364.ENSXETP00000028122	8364.ENSXETP00000050302	PF11027;PF19420	999	900	90	0	0	0	90	901	0	820	0	816	900	759	0	450	cooccurence;homology;coexpression_transferred;experiments_transferred;database;database_transferred;textmining_transferred	8364.ENSXETP00000028122 || 8364.ENSXETP00000050302	True	False
PF24663	DUF7651 - Domain of unknown function (DUF7651)	NO_PFAM	3638	68	140	666	994	828.150632215503	0	516	0	0	0	0	0	0	0	516	448	633	2	80	2	87	444	0	0	955	3632	0	0	841	3594	926	4	910	3556	17.183677206806678	PF24663 || NO_PFAM	0.613212952132361	218851	218851.A0A2G5CJA2	218851.H6VVY7	PF09733;PF23320;PF24663	994	0	0	0	0	0	0	0	0	85	0	926	0	841	0	544	coexpression_transferred;experiments_transferred;database_transferred;textmining_transferred	218851.A0A2G5CJA2 || 218851.H6VVY7	True	False
PF06210	DUF1003 - Protein of unknown function (DUF1003)	NO_PFAM	264	114	115	132	965	765.6363636363636	773	774	0	773	228	597	166	59	2	774	42	0	0	44	2	160	2	0	0	134	2	0	0	771	2	804	2	491	8	16.616594082712723	PF06210 || NO_PFAM	0.6120275061500393	38312	38312.GCA_000720375_05903	38312.GCA_000720375_05902	PF06210	965	773	773	773	470	0	737	0	0	0	0	0	0	0	0	0	neighborhood;neighborhood_transferred;cooccurence	38312.GCA_000720375_05902 || 38312.GCA_000720375_05903	True	False
PF07659	DUF1599 - Nucleotide modification associated domain 1	NO_PFAM	522	165	168	261	917	743.1800766283525	773	773	0	773	70	401	14	0	0	768	460	0	0	107	2	0	0	0	0	0	0	0	0	0	0	0	0	0	0	18.02955704077801	PF07659 || NO_PFAM	0.6120141867746285	1848903	1848903.CCAND38_200014	1848903.CCAND38_200015	PF07659	917	768	768	768	212	0	584	0	0	0	0	0	0	0	0	0	neighborhood;neighborhood_transferred;cooccurence	1848903.CCAND38_200014 || 1848903.CCAND38_200015	True	False
PF10617	DUF2474 - Protein of unknown function (DUF2474)	NO_PFAM	10	3	3	5	983	852.4	773	773	0	773	10	182	8	0	0	0	0	0	0	863	4	0	0	0	0	0	0	0	0	0	0	496	2	0	0	6.716483995038152	PF10617 || NO_PFAM	0.6093885148536202	208964	208964.PA3928	208964.PA3930	PF10617	983	752	752	752	182	0	0	0	861	0	0	0	0	0	496	0	neighborhood;neighborhood_transferred;coexpression;textmining	208964.PA3928 || 208964.PA3930	True	False
PF24254	DUF7455 - Domain of unknown function (DUF7455)	NO_PFAM	40	5	5	20	917	800.5	773	900	0	773	4	900	34	0	0	736	10	0	0	0	0	0	0	0	0	0	0	0	0	0	0	0	0	0	0	8.970091005160418	PF24254 || NO_PFAM	0.608774979012522	1894	1894.ADK78_38635	1894.ADK78_31390	PF24254	917	0	900	0	900	0	209	0	0	0	0	0	0	0	0	0	neighborhood_transferred;cooccurence	1894.ADK78_31390 || 1894.ADK78_38635	True	False
PF10801	DUF2537 - Protein of unknown function (DUF2537)	NO_PFAM	1532	53	53	766	915	736.6618798955614	773	774	0	773	6	584	6	0	0	774	1528	0	0	55	18	0	0	0	0	0	0	0	0	0	0	0	0	0	0	16.859949972000365	PF10801 || NO_PFAM	0.6080961360385564	948102	948102.BKG76_05730	948102.BKG76_05735	PF10801	915	773	773	773	584	0	175	0	0	0	0	0	0	0	0	0	neighborhood;neighborhood_transferred;cooccurence	948102.BKG76_05730 || 948102.BKG76_05735	True	False
PF05987	DUF898 - Bacterial protein of unknown function (DUF898)	NO_PFAM	50	17	17	25	936	773.84	773	773	0	773	18	535	8	0	0	773	32	0	0	70	6	0	0	0	0	150	14	0	0	130	14	811	4	0	0	11.258569148516656	PF05987 || NO_PFAM	0.6072583997416957	151081	151081.TW72_14230	151081.TW72_14225	PF05987	936	481	759	481	535	0	759	0	0	0	0	0	0	0	0	0	neighborhood;neighborhood_transferred;cooccurence	151081.TW72_14225 || 151081.TW72_14230	True	False
PF05167	DUF711 - Uncharacterised ACR (DUF711)	NO_PFAM	40	19	20	19	949	787.65	773	775	0	773	36	163	16	0	0	775	8	0	0	0	0	0	0	0	0	458	2	0	0	828	2	0	0	67	2	11.25303661381229	PF05167 || NO_PFAM	0.6071299175759282	273063	273063.STK_02450	273063.STK_02435	PF05167	949	773	773	773	163	0	753	0	0	0	0	0	0	0	0	0	neighborhood;neighborhood_transferred;cooccurence	273063.STK_02435 || 273063.STK_02450	True	False
PF16119	DUF4835 - Domain of unknown function (DUF4835)	NO_PFAM	318	92	92	159	922	747.9433962264151	773	774	0	773	46	361	98	0	0	774	294	0	0	0	0	0	0	0	0	0	0	0	0	0	0	202	2	0	0	16.377390089091357	PF16119 || NO_PFAM	0.6061913201263045	1107311	1107311.Q767_08620	1107311.Q767_08610	PF16119	922	762	762	762	287	0	577	0	0	0	0	0	0	0	0	0	neighborhood;neighborhood_transferred;cooccurence	1107311.Q767_08610 || 1107311.Q767_08620	True	False
PF11851	DUF3371 - Domain of unknown function (DUF3371)	PF11851;PF15951	18	3	9	3	965	844.8888888888889	800	71	0	0	0	0	0	0	0	71	10	943	18	0	0	0	0	0	0	658	8	800	2	838	14	78	4	526	18	6.588027701406221	PF11851 || PF11851;PF15951	0.6048385559875282	9541	9541.ENSMFAP00000038286	9541.ENSMFAP00000045951	PF00010;PF11851;PF15951	965	800	0	0	0	0	0	918	0	0	0	658	800	0	73	526	homology;experiments_transferred;database;textmining;textmining_transferred	9541.ENSMFAP00000038286 || 9541.ENSMFAP00000045951	True	False
PF13196	DUF4012 - Protein of unknown function (DUF4012)	NO_PFAM	228	47	54	107	962	773.1315789473684	773	773	0	773	40	391	54	0	0	766	80	0	0	0	0	549	132	0	0	806	110	0	0	825	102	0	0	410	30	14.722124025370022	PF13196 || NO_PFAM	0.6036302717249751	1034345	1034345.GCA_000236865_01410	1034345.GCA_000236865_01607	PF13196	962	0	257	0	257	0	0	0	0	549	0	493	0	684	0	410	neighborhood_transferred;coexpression_transferred;experiments_transferred;database_transferred;textmining_transferred	1034345.GCA_000236865_01410 || 1034345.GCA_000236865_01607	True	False
PF11086	DUF2878 - Protein of unknown function (DUF2878)	NO_PFAM	68	26	26	34	947	787.8235294117648	773	773	0	773	54	217	40	0	0	750	32	0	0	0	0	66	2	0	0	0	0	0	0	733	2	0	0	169	2	12.371780236605918	PF11086 || NO_PFAM	0.6028988581373791	243231	243231.GSU2330	243231.GSU2328	PF11086	947	773	773	773	176	0	703	0	0	0	0	0	0	0	0	169	neighborhood;neighborhood_transferred;cooccurence;textmining_transferred	243231.GSU2328 || 243231.GSU2330	True	False
PF07845	DUF1636 - Protein of unknown function (DUF1636)	NO_PFAM	62	28	28	31	921	782.9677419354839	773	773	0	773	46	231	34	0	0	761	32	0	0	0	0	133	20	0	0	0	0	0	0	0	0	0	0	0	0	12.42372638636448	PF07845 || NO_PFAM	0.6008354510033576	540997	540997.ORS3428_01565	540997.ORS3428_01550	PF07845	921	732	732	732	113	0	694	0	0	0	0	0	0	0	0	0	neighborhood;neighborhood_transferred;cooccurence	540997.ORS3428_01550 || 540997.ORS3428_01565	True	False
PF11934	DUF3452 - Domain of unknown function (DUF3452)	PF12937	468	112	221	118	995	849.6367521367522	900	0	4	0	0	0	0	0	0	0	0	0	0	297	8	166	468	510	4	590	468	900	30	957	460	687	8	540	468	17.310097362088012	PF11934 || PF12937	0.5991462175745759	9598	9598.ENSPTRP00000009974	9598.ENSPTRP00000028804	PF01857;PF01858;PF08934;PF11934	995	900	0	0	0	0	0	0	0	137	0	278	900	861	0	540	coexpression_transferred;experiments_transferred;database;database_transferred;textmining_transferred	9598.ENSPTRP00000009974 || 9598.ENSPTRP00000028804	True	False
PF14358	DUF4405 - Domain of unknown function (DUF4405)	NO_PFAM	98	32	35	49	961	778.4285714285714	773	773	0	773	54	259	40	0	0	758	12	0	0	0	0	712	28	0	0	952	34	0	0	776	12	0	0	223	18	13.13413497306755	PF14358 || NO_PFAM	0.5977714243119011	1121390	1121390.SAMN02746041_02400	1121390.SAMN02746041_03209	PF14358	961	0	106	0	106	0	0	0	0	60	0	952	0	0	0	157	neighborhood_transferred;coexpression_transferred;experiments_transferred;textmining_transferred	1121390.SAMN02746041_02400 || 1121390.SAMN02746041_03209	True	False
PF14251	PterinBD-DUF4346 - PterinBD-DUF4346	NO_PFAM	354	59	64	175	950	755.1129943502825	773	775	0	773	30	397	122	0	0	775	298	0	0	80	2	720	24	0	0	376	4	500	2	779	28	0	0	331	110	15.608806913919617	PF14251 || NO_PFAM	0.5971514225178225	1479485	1479485.DA73_0223285	1479485.DA73_0203935	PF14251	950	0	223	0	157	0	223	0	0	720	0	0	0	667	0	315	neighborhood_transferred;cooccurence;coexpression_transferred;database_transferred;textmining_transferred	1479485.DA73_0203935 || 1479485.DA73_0223285	True	False
PF20462	DUF6715 - Domain of unknown function (DUF6715)	NO_PFAM	282	13	13	141	918	760.5886524822695	773	774	0	773	6	121	6	0	0	774	278	0	0	0	0	0	0	0	0	0	0	0	0	0	0	0	0	0	0	12.470561556873754	PF20462 || NO_PFAM	0.5962809376201836	185007	185007.SAMN02910350_02864	185007.SAMN02910350_02859	PF20462	918	773	773	773	93	0	636	0	0	0	0	0	0	0	0	0	neighborhood;neighborhood_transferred;cooccurence	185007.SAMN02910350_02859 || 185007.SAMN02910350_02864	True	False
PF16271	DUF4924 - Domain of unknown function (DUF4924)	NO_PFAM	114	29	29	57	917	735.0877192982456	773	773	0	773	12	355	14	0	0	768	104	0	0	0	0	63	22	0	0	0	0	0	0	0	0	0	0	0	0	13.09332689168756	PF16271 || NO_PFAM	0.5954976772767685	645274	645274.SAMN04487901_11535	645274.SAMN04487901_11534	PF16271	917	762	762	762	355	0	507	0	0	0	0	0	0	0	0	0	neighborhood;neighborhood_transferred;cooccurence	645274.SAMN04487901_11534 || 645274.SAMN04487901_11535	True	False
PF10975	DUF2802 - Protein of unknown function (DUF2802)	NO_PFAM	398	80	80	199	920	750.5427135678392	773	774	0	773	38	184	22	0	0	774	368	0	0	413	8	68	74	0	0	0	0	0	0	0	0	386	2	223	14	16.32485972623474	PF10975 || NO_PFAM	0.5954863728345996	208964	208964.PA1465	208964.PA1463	PF10975	920	547	725	547	184	0	725	0	127	68	0	0	0	0	0	223	neighborhood;neighborhood_transferred;cooccurence;coexpression;coexpression_transferred;textmining_transferred	208964.PA1463 || 208964.PA1465	True	False
PF20742	DUF5580_M - Family of unknown function (DUF5580) middle domain	NO_PFAM	22	5	5	11	959	853.5454545454545	0	296	0	0	0	0	0	0	0	296	6	812	2	0	0	232	14	0	0	939	20	0	0	0	0	840	2	516	14	7.01501315438526	PF20742 || NO_PFAM	0.5950866342658716	33528	33528.ENSGAFP00000032733	33528.ENSGAFP00000023775	PF06565;PF20742	959	0	0	0	0	0	0	0	0	0	0	939	0	0	0	356	experiments_transferred;textmining_transferred	33528.ENSGAFP00000023775 || 33528.ENSGAFP00000032733	True	False
PF12984	DUF3868 - Domain of unknown function (DUF3868)	NO_PFAM	42	7	10	19	917	764.6666666666666	773	773	0	773	12	153	12	248	8	773	32	0	0	112	8	61	16	0	0	98	4	0	0	0	0	390	4	64	4	9.466083199053234	PF12984 || NO_PFAM	0.5943903855761712	393921	393921.HQ45_07435	393921.HQ45_07430	PF12984	917	590	773	590	153	18	773	0	0	59	0	0	0	0	0	64	neighborhood;neighborhood_transferred;fusion;cooccurence;coexpression_transferred;textmining_transferred	393921.HQ45_07430 || 393921.HQ45_07435	True	False
PF11868	DUF3388 - Protein of unknown function (DUF3388)	NO_PFAM	34	9	9	17	924	769.8823529411765	773	773	0	773	20	546	22	0	0	762	12	0	0	0	0	714	8	0	0	0	0	0	0	0	0	0	0	0	0	9.706518247477504	PF11868 || NO_PFAM	0.5933291828886298	549687	549687.GCA_001636335_01049	549687.GCA_001636335_01050	PF11868	924	701	701	701	182	0	0	0	0	714	0	0	0	0	0	0	neighborhood;neighborhood_transferred;coexpression_transferred	549687.GCA_001636335_01049 || 549687.GCA_001636335_01050	True	False
PF20020	DUF6431 - Domain of unknown function (DUF6431)	NO_PFAM	80	7	11	21	915	764.1	773	773	0	773	12	69	64	90	2	773	72	0	0	0	0	0	0	0	0	0	0	0	0	0	0	0	0	0	0	10.09933223803211	PF20020 || NO_PFAM	0.5932390978364747	44251	44251.PDUR_04870	44251.PDUR_04875	PF20020	915	639	771	639	55	0	771	0	0	0	0	0	0	0	0	0	neighborhood;neighborhood_transferred;cooccurence	44251.PDUR_04870 || 44251.PDUR_04875	True	False
PF10694	DUF2500 - Protein of unknown function (DUF2500)	NO_PFAM	104	17	19	52	961	753.5769230769231	757	757	0	757	18	554	80	0	0	739	10	0	0	0	0	809	42	0	0	564	4	0	0	750	78	0	0	377	60	11.948703865949852	PF10694 || NO_PFAM	0.5929508175391939	754436	754436.JCM19237_4749	754436.JCM19237_3650	PF10694	961	0	203	0	203	0	0	0	0	809	0	0	0	679	0	310	neighborhood_transferred;coexpression_transferred;database_transferred;textmining_transferred	754436.JCM19237_3650 || 754436.JCM19237_4749	True	False
PF11258	DUF3048 - Protein of unknown function (DUF3048) N-terminal domain	NO_PFAM	226	69	79	97	995	809.8495575221239	773	773	0	773	30	348	154	0	0	668	34	0	0	0	0	764	128	0	0	932	182	0	0	950	142	920	2	418	168	15.46794050158012	PF11258 || NO_PFAM	0.5925568140532538	68249	68249.BC342_30225	68249.BC342_23505	PF11258;PF17479	968	0	83	0	83	0	0	0	0	764	0	804	0	294	0	115	neighborhood_transferred;coexpression_transferred;experiments_transferred;database_transferred;textmining_transferred	68249.BC342_23505 || 68249.BC342_30225	True	False
PF04356	DUF489 - Protein of unknown function (DUF489)	NO_PFAM	82	27	27	41	969	790.1951219512196	773	773	0	773	56	538	52	0	0	736	10	0	0	105	2	843	34	0	0	176	10	0	0	784	12	747	2	217	20	12.629249628147004	PF04356 || NO_PFAM	0.5918753865523835	38313	38313.GCA_000947195_02473	38313.GCA_000947195_02472	PF04356	969	773	773	773	162	0	0	0	0	843	0	0	0	0	0	100	neighborhood;neighborhood_transferred;coexpression_transferred;textmining_transferred	38313.GCA_000947195_02472 || 38313.GCA_000947195_02473	True	False
PF09438	DUF2017 - Domain of unknown function (DUF2017)	NO_PFAM	1636	118	118	818	926	740.5464547677261	773	774	0	773	48	575	26	0	0	774	1596	0	0	61	32	886	12	0	0	0	0	0	0	0	0	0	0	183	6	18.5058675635942	PF09438 || NO_PFAM	0.5906274862018143	42234	42234.IQ63_05500	42234.IQ63_05505	PF09438	926	671	671	671	536	0	451	0	0	94	0	0	0	0	0	183	neighborhood;neighborhood_transferred;cooccurence;coexpression_transferred;textmining_transferred	42234.IQ63_05500 || 42234.IQ63_05505	True	False
PF25656	DUF7945 - Domain of unknown function (DUF7945)	NO_PFAM	26	7	7	13	981	813.3076923076923	773	981	0	773	16	981	22	0	0	0	0	0	0	0	0	0	0	0	0	0	0	0	0	0	0	0	0	0	0	9.208719949364	PF25656 || NO_PFAM	0.5890909274591924	1894	1894.ADK78_20120	1894.ADK78_20110	PF25656	981	0	981	0	981	0	0	0	0	0	0	0	0	0	0	0	neighborhood_transferred	1894.ADK78_20110 || 1894.ADK78_20120	True	False
PF14899	DUF4492 - Domain of unknown function (DUF4492)	NO_PFAM	10	5	5	5	916	793.0	773	773	0	773	10	244	2	0	0	764	2	0	0	0	0	0	0	0	0	0	0	0	0	0	0	0	0	0	0	7.52741421125448	PF14899 || NO_PFAM	0.588493439930127	393921	393921.HQ45_05775	393921.HQ45_05765	PF14899	916	571	764	571	244	0	764	0	0	0	0	0	0	0	0	0	neighborhood;neighborhood_transferred;cooccurence	393921.HQ45_05765 || 393921.HQ45_05775	True	False
PF08830	DUF1806 - Protein of unknown function (DUF1806)	NO_PFAM	18	8	8	9	918	799.6666666666666	773	773	0	773	14	173	16	0	0	763	4	0	0	311	2	653	12	0	0	0	0	0	0	0	0	0	0	46	2	8.88488813383888	PF08830 || NO_PFAM	0.583720736364891	1765683	1765683.B2M26_09095	1765683.B2M26_09180	PF08830	918	0	763	0	83	0	763	0	0	653	0	0	0	0	0	0	neighborhood_transferred;cooccurence;coexpression_transferred	1765683.B2M26_09095 || 1765683.B2M26_09180	True	False
PF06115	DUF956 - Domain of unknown function (DUF956)	NO_PFAM	32	7	8	14	952	821.375	773	775	0	773	12	211	26	0	0	775	22	0	0	0	0	440	26	0	0	0	0	0	0	833	8	0	0	385	26	9.203390644826152	PF06115 || NO_PFAM	0.5831739742110599	1123313	1123313.GCA_000420345_00223	1123313.GCA_000420345_00226	PF06115	952	536	775	536	151	0	775	0	0	440	0	0	0	0	0	192	neighborhood;neighborhood_transferred;cooccurence;coexpression_transferred;textmining_transferred	1123313.GCA_000420345_00223 || 1123313.GCA_000420345_00226	True	False
PF12024	DUF3512 - Domain of unknown function (DUF3512)	PF00439;PF08880	4	1	2	1	994	927.5	650	0	0	0	0	0	0	0	0	0	0	549	2	67	2	0	0	0	0	964	4	650	4	0	0	471	4	478	4	3.645732273553991	PF12024 || PF00439;PF08880	0.572515553390028	9796	9796.ENSECAP00000028293	9796.ENSECAP00000055089	PF00439;PF12024	994	650	0	0	0	0	0	549	67	0	0	964	650	0	212	478	homology;coexpression;experiments_transferred;database;textmining;textmining_transferred	9796.ENSECAP00000028293 || 9796.ENSECAP00000055089	True	False
PF04456	DUF503 - Protein of unknown function (DUF503)	NO_PFAM	120	47	47	60	965	805.0166666666667	773	773	0	773	114	598	104	0	0	284	6	0	0	0	0	755	44	0	0	0	0	0	0	0	0	0	0	182	34	14.084192567412522	PF04456 || NO_PFAM	0.5614910268805371	42234	42234.IQ63_03915	42234.IQ63_03920	PF04456	965	613	613	613	555	0	160	0	0	755	0	0	0	0	0	182	neighborhood;neighborhood_transferred;cooccurence;coexpression_transferred;textmining_transferred	42234.IQ63_03915 || 42234.IQ63_03920	True	False
PF09933	DUF2165 - Predicted small integral membrane protein (DUF2165)	NO_PFAM	28	13	14	13	901	761.7142857142857	773	774	0	773	14	131	4	0	0	774	16	0	0	359	4	0	0	0	0	0	0	0	0	0	0	0	0	0	0	10.19241048921699	PF09933 || NO_PFAM	0.558331816101251	1192868	1192868.GCA_000304395_04129	1192868.GCA_000304395_04130	PF09933	901	580	774	580	0	0	774	0	0	0	0	0	0	0	0	0	neighborhood;cooccurence	1192868.GCA_000304395_04129 || 1192868.GCA_000304395_04130	True	False
PF16702	DUF5063 - Domain of unknown function (DUF5063)	NO_PFAM	262	39	39	131	908	738.4351145038167	773	773	0	773	16	154	4	0	0	772	250	0	0	57	8	0	0	0	0	0	0	0	0	0	0	0	0	0	0	14.495912940405637	PF16702 || NO_PFAM	0.55825407537329	1122973	1122973.GCA_000379925_00125	1122973.GCA_000379925_00122	PF16702	908	773	773	773	53	0	608	0	0	0	0	0	0	0	0	0	neighborhood;neighborhood_transferred;cooccurence	1122973.GCA_000379925_00122 || 1122973.GCA_000379925_00125	True	False
PF08974	DUF1877 - Domain of unknown function (DUF1877)	NO_PFAM	92	20	20	46	965	759.1739130434783	773	773	0	773	16	173	24	0	0	771	62	0	0	88	4	238	28	0	0	936	18	0	0	810	2	879	6	463	14	12.1676443686001	PF08974 || NO_PFAM	0.5543847575532973	486	486.B2G52_09895	486.B2G52_08425	PF08974	965	0	173	0	173	0	0	0	0	50	0	936	0	0	0	391	neighborhood_transferred;coexpression_transferred;experiments_transferred;textmining_transferred	486.B2G52_08425 || 486.B2G52_09895	True	False
PF07482	DUF1522 - Domain of Unknown Function (DUF1522)	NO_PFAM	134	3	8	29	946	767.0597014925373	437	774	0	437	6	117	60	0	0	774	134	0	0	51	16	694	30	0	0	225	28	0	0	0	0	0	0	195	64	8.888863500678209	PF07482 || NO_PFAM	0.5534633208452732	258594	258594.RPA3915	258594.RPA3888	PF00669;PF00700;PF07482	946	0	735	0	108	0	735	0	0	694	0	225	0	0	0	195	neighborhood_transferred;cooccurence;coexpression_transferred;experiments_transferred;textmining_transferred	258594.RPA3888 || 258594.RPA3915	True	False
PF15483	DUF4641 - Domain of unknown function (DUF4641)	NO_PFAM	24	2	4	10	943	783.25	0	401	0	0	0	0	0	0	0	401	4	845	2	0	0	348	2	0	0	555	20	0	0	821	20	0	0	650	14	5.81710040220442	PF15483 || NO_PFAM	0.5404859972627193	885580	885580.ENSFDAP00000017430	885580.ENSFDAP00000010079	PF00001;PF15483	943	0	0	0	0	0	0	0	0	0	0	201	0	821	0	639	experiments_transferred;database_transferred;textmining_transferred	885580.ENSFDAP00000010079 || 885580.ENSFDAP00000017430	True	False
PF11871	DUF3391 - Domain of unknown function (DUF3391)	NO_PFAM	112	27	41	37	923	792.0357142857143	773	773	0	773	22	227	68	579	2	756	22	0	0	0	0	82	16	0	0	877	56	0	0	729	76	0	0	423	66	12.937796839062749	PF11871 || NO_PFAM	0.5399362799663656	51642	51642.NSMM_500041	51642.NSMM_880002	PF11871;PF13487	923	0	53	0	53	0	0	0	0	0	0	877	0	380	0	67	neighborhood_transferred;experiments_transferred;database_transferred;textmining_transferred	51642.NSMM_500041 || 51642.NSMM_880002	True	False
PF12447	DUF3683 - Protein of unknown function (DUF3683)	NO_PFAM	484	81	81	242	983	773.599173553719	773	773	0	773	10	538	398	0	0	450	36	0	0	0	0	538	292	0	0	830	236	0	0	951	364	0	0	609	430	16.54358738546599	PF12447 || NO_PFAM	0.5385849587378433	1522312	1522312.GCA_900177895_00984	1522312.GCA_900177895_01027	PF01565;PF02754;PF02913;PF11880;PF12447;PF13183	983	0	198	0	198	0	0	0	0	70	0	0	0	951	0	609	neighborhood_transferred;coexpression_transferred;database_transferred;textmining_transferred	1522312.GCA_900177895_00984 || 1522312.GCA_900177895_01027	True	False
PF11880	DUF3400 - Domain of unknown function (DUF3400)	NO_PFAM	480	79	79	240	983	773.0375	773	773	0	773	8	538	396	0	0	450	36	0	0	0	0	538	288	0	0	830	232	0	0	951	362	0	0	609	428	16.485920539453524	PF11880 || NO_PFAM	0.5385849587378433	1522312	1522312.GCA_900177895_00984	1522312.GCA_900177895_01028	PF01565;PF02754;PF02913;PF11880;PF12447;PF13183	983	0	198	0	198	0	0	0	0	70	0	0	0	951	0	609	neighborhood_transferred;coexpression_transferred;database_transferred;textmining_transferred	1522312.GCA_900177895_00984 || 1522312.GCA_900177895_01028	True	False
PF11241	DUF3043 - Protein of unknown function (DUF3043)	NO_PFAM	134	43	43	67	901	758.820895522388	773	773	0	773	54	526	38	0	0	762	88	0	0	44	2	0	0	0	0	0	0	0	0	0	0	0	0	0	0	14.019654046274953	PF11241 || NO_PFAM	0.5370342608291178	78344	78344.BIGA_0276	78344.BIGA_0278	PF11241	901	351	762	351	411	0	762	0	0	0	0	0	0	0	0	0	neighborhood;neighborhood_transferred;cooccurence	78344.BIGA_0276 || 78344.BIGA_0278	True	False
PF14794	DUF4479 - Domain of unknown function (DUF4479)	NO_PFAM	48	21	21	24	965	769.5	900	900	0	773	34	750	34	900	2	296	2	0	0	0	0	469	4	0	0	717	2	0	0	817	12	701	2	101	8	11.87390520482726	PF14794 || NO_PFAM	0.5335837031825973	1291764	1291764.GCA_001311235_01753	1291764.GCA_001311235_00690	PF01588;PF14794	965	900	900	0	74	900	296	0	0	77	0	0	0	482	0	101	neighborhood_transferred;fusion;cooccurence;coexpression_transferred;database_transferred;textmining_transferred	1291764.GCA_001311235_00690 || 1291764.GCA_001311235_01753	True	False
PF24353	DUF7513 - Domain of unknown function (DUF7513)	NO_PFAM	4	2	2	2	968	887.0	773	866	0	773	4	866	4	0	0	0	0	0	0	0	0	0	0	0	0	0	0	0	0	0	0	0	0	0	0	5.445662489770319	PF24353 || NO_PFAM	0.5257070922538337	1604004	1604004.HLASA_0731	1604004.HLASA_0732	PF24353	968	773	866	773	866	0	0	0	0	0	0	0	0	0	0	0	neighborhood;neighborhood_transferred	1604004.HLASA_0731 || 1604004.HLASA_0732	True	False
PF04379	DUF525 - ApaG domain 	NO_PFAM	836	168	209	298	996	791.8133971291866	900	900	0	773	90	593	572	900	2	228	6	0	0	66	12	877	564	0	0	909	176	0	0	893	56	869	44	978	762	18.78962150033562	PF04379 || NO_PFAM	0.5217488486439686	9541	9541.ENSMFAP00000020676	9541.ENSMFAP00000045476	PF04379;PF08755	996	0	0	0	0	0	0	0	0	0	0	0	0	0	869	978	textmining;textmining_transferred	9541.ENSMFAP00000020676 || 9541.ENSMFAP00000045476	True	False
PF18429	DUF5609 - Domain of unknown function (DUF5609)	NO_PFAM	68	5	5	34	955	866.7647058823529	900	768	0	768	4	218	36	0	0	739	4	0	0	0	0	910	50	0	0	833	8	900	36	724	16	713	2	377	60	9.48562544305337	PF18429 || NO_PFAM	0.5211989733902233	1218098	1218098.GCA_001598715_02756	1218098.GCA_001598715_01253	PF00702;PF18429	955	900	165	0	165	0	0	0	0	310	0	0	900	0	0	317	neighborhood_transferred;coexpression_transferred;database;textmining_transferred	1218098.GCA_001598715_01253 || 1218098.GCA_001598715_02756	True	False
PF20664	DUF6814 - Family of unknown function (DUF6814)	NO_PFAM	34	14	14	17	905	777.1764705882352	773	773	0	773	24	159	22	0	0	730	30	0	0	0	0	0	0	0	0	0	0	0	0	0	0	0	0	0	0	10.517448463693832	PF20664 || NO_PFAM	0.5209332388219432	1107311	1107311.Q767_02905	1107311.Q767_02910	PF20664	905	762	762	762	159	0	564	0	0	0	0	0	0	0	0	0	neighborhood;neighborhood_transferred;cooccurence	1107311.Q767_02905 || 1107311.Q767_02910	True	False
PF23928	DUF7266 - Family of unknown function (DUF7266)	NO_PFAM	46	18	18	23	966	821.8695652173913	773	860	0	773	42	860	44	0	0	0	0	0	0	0	0	0	0	0	0	0	0	0	0	0	0	0	0	0	0	11.37202556004294	PF23928 || NO_PFAM	0.5163373691600126	1604004	1604004.HLASA_1101	1604004.HLASA_1100	PF23928	966	773	860	773	860	0	0	0	0	0	0	0	0	0	0	0	neighborhood;neighborhood_transferred	1604004.HLASA_1100 || 1604004.HLASA_1101	True	False
PF25448	DUF7897 - Domain of unknown function (DUF7897)	NO_PFAM	4	2	2	2	953	829.0	899	899	0	628	4	239	2	899	2	0	0	0	0	0	0	0	0	0	0	0	0	0	0	0	0	0	0	0	0	5.60466248977032	PF25448 || NO_PFAM	0.5132394621790682	877500	877500.GCA_000935065_00647	877500.GCA_000935065_00646	PF25448	953	899	899	558	0	899	0	0	0	0	0	0	0	0	0	0	neighborhood;fusion	877500.GCA_000935065_00646 || 877500.GCA_000935065_00647	True	False
PF12720	DUF3807 - Protein of unknown function (DUF3807)	NO_PFAM	592	180	184	283	998	826.8547297297297	900	899	6	0	0	0	0	899	12	0	0	0	0	62	2	181	66	292	6	952	572	900	6	860	554	980	4	499	526	19.55414353605704	PF12720 || NO_PFAM	0.5122540316679659	284812	284812.Q9USY8	284812.G2TRR1	PF12720	998	900	0	0	0	0	0	0	0	0	292	0	900	0	980	0	experiments;database;textmining	284812.G2TRR1 || 284812.Q9USY8	True	False
PF12683	DUF3798 - Protein of unknown function (DUF3798)	NO_PFAM	28	4	7	12	943	820.4285714285714	773	774	0	773	12	308	20	0	0	774	4	0	0	0	0	98	6	0	0	874	4	0	0	749	16	546	4	334	16	8.133171654854674	PF12683 || NO_PFAM	0.5110500491458997	1280695	1280695.GCA_000424325_02495	1280695.GCA_000424325_02493	PF12683	943	539	774	539	308	0	774	0	0	97	0	0	0	262	0	0	neighborhood;neighborhood_transferred;cooccurence;coexpression_transferred;database_transferred	1280695.GCA_000424325_02493 || 1280695.GCA_000424325_02495	True	False
PF11743	DUF3301 - Protein of unknown function (DUF3301)	NO_PFAM	170	33	33	85	936	743.3176470588236	773	773	0	773	26	593	20	0	0	769	142	0	0	0	0	0	0	0	0	456	6	0	0	649	8	787	2	178	2	13.740384605734985	PF11743 || NO_PFAM	0.5104004865135249	151081	151081.TW72_17385	151081.TW72_17380	PF11743	936	773	773	773	533	0	444	0	0	0	0	0	0	0	0	0	neighborhood;neighborhood_transferred;cooccurence	151081.TW72_17380 || 151081.TW72_17385	True	False
PF17173	DUF5129 - Domain of unknown function (DUF5129)	NO_PFAM	6	3	3	3	945	846.6666666666666	773	773	0	773	6	306	4	770	2	0	0	0	0	0	0	0	0	0	0	0	0	0	0	0	0	0	0	0	0	6.2644988712950935	PF17173 || NO_PFAM	0.5095623596548092	35756	35756.GCA_001044155_00230	35756.GCA_001044155_00231	PF17173	945	773	773	773	0	770	0	0	0	0	0	0	0	0	0	0	neighborhood;fusion	35756.GCA_001044155_00230 || 35756.GCA_001044155_00231	True	False
PF13047	DUF3907 - Protein of unknown function (DUF3907)	NO_PFAM	148	35	35	74	914	733.4054054054054	773	773	0	773	50	560	48	0	0	768	118	0	0	0	0	73	16	0	0	0	0	0	0	0	0	914	2	0	0	13.71698418285768	PF13047 || NO_PFAM	0.5082024857512075	224308	224308.BSU23200	224308.BSU23328	PF13047	914	0	0	0	0	0	0	0	0	0	0	0	0	0	914	0	textmining	224308.BSU23200 || 224308.BSU23328	True	False
PF12089	DUF3566 - Transmembrane domain of unknown function (DUF3566)	NO_PFAM	216	54	54	108	908	738.7685185185185	762	770	0	762	56	600	78	0	0	770	140	0	0	63	6	842	46	0	0	0	0	0	0	0	0	0	0	182	26	14.9265637240054	PF12089 || NO_PFAM	0.5081654444950087	59750	59750.AWC31_18280	59750.AWC31_18275	PF12089	908	608	608	608	238	0	0	0	0	703	0	0	0	0	0	92	neighborhood;neighborhood_transferred;coexpression_transferred;textmining_transferred	59750.AWC31_18275 || 59750.AWC31_18280	True	False
PF26628	DUF8202 - Domain of unknown function (DUF8202)	NO_PFAM	334	30	53	122	930	745.0898203592815	773	774	0	773	40	103	32	0	0	774	288	0	0	0	0	95	72	0	0	859	70	0	0	769	20	0	0	134	14	14.22910494079536	PF26628 || NO_PFAM	0.5058545883281623	47500	47500.AF333_21395	47500.AF333_12130	PF00395;PF07554;PF26628	930	0	95	0	95	0	0	0	0	56	0	859	0	436	0	134	neighborhood_transferred;coexpression_transferred;experiments_transferred;database_transferred;textmining_transferred	47500.AF333_12130 || 47500.AF333_21395	True	False
PF01982	CTP-dep_RFKase - Domain of unknown function DUF120	NO_PFAM	32	8	8	16	955	776.5625	773	773	0	773	24	394	4	0	0	703	4	0	0	0	0	0	0	0	0	0	0	500	2	915	2	790	2	880	4	9.43695671613892	PF01982 || NO_PFAM	0.5019304752878592	1873524	1873524.HSR6_1863	1873524.HSR6_1669	PF01982	955	500	0	0	0	0	0	0	0	0	0	0	500	915	0	0	database;database_transferred	1873524.HSR6_1669 || 1873524.HSR6_1863	True	False
